date,target_tonnage,actual_production_tonnes,shortfall_gap_tonnes,is_shortfall,rainfall_mm,soil_moisture,ambient_temp_c,ndvi,ndwi,land_surface_temp_c,excavator_ex01_avail,excavator_ex02_avail,excavator_avg_avail,active_haul_trucks,truck_avail_pct,crusher_avail_pct,blast_delay_days,haul_efficiency,shift_efficiency
2021-01-01,1783.3,1088.9,-694.4,1,0.0,0.12,20.2,0.252,-0.037,23.1,0.58,0.63,0.61,5,0.83,0.94,0,0.97,0.96
2021-01-02,1783.3,1561.9,-221.4,1,0.0,0.12,19.5,0.267,-0.057,22.4,0.92,0.9,0.91,5,0.83,0.94,0,0.97,0.95
2021-01-03,1783.3,1321.6,-461.7,1,0.0,0.12,24.4,0.23,-0.06,27.3,0.64,0.9,0.77,6,1.0,0.94,0,0.97,0.89
2021-01-04,1783.3,1606.4,-176.9,1,0.0,0.12,25.3,0.22,-0.082,28.2,0.92,0.9,0.91,6,1.0,0.94,0,0.97,0.96
2021-01-05,1783.3,1437.7,-345.6,1,0.0,0.12,22.1,0.269,-0.033,25.0,0.92,0.9,0.91,5,0.83,0.94,0,0.97,0.83
2021-01-06,1783.3,1619.9,-163.4,1,0.0,0.12,20.5,0.256,-0.079,23.4,0.92,0.9,0.91,6,1.0,0.94,0,0.97,0.87
2021-01-07,1783.3,1206.1,-577.2,1,0.0,0.12,28.8,0.221,-0.033,31.7,0.92,0.9,0.91,4,0.67,0.94,0,0.97,0.87
2021-01-08,1783.3,1575.1,-208.2,1,0.0,0.12,22.9,0.259,-0.052,25.8,0.92,0.9,0.91,5,0.83,0.94,0,0.97,0.93
2021-01-09,1783.3,1372.5,-410.8,1,0.0,0.12,18.8,0.229,-0.049,21.7,0.69,0.9,0.79,5,0.83,0.94,0,0.97,0.95
2021-01-10,1783.3,1620.3,-163.0,1,0.0,0.12,26.5,0.245,-0.034,29.4,0.92,0.9,0.91,6,1.0,0.94,0,0.97,0.88
2021-01-11,1783.3,1572.3,-211.0,1,0.0,0.12,32.5,0.242,-0.052,35.4,0.92,0.9,0.91,6,1.0,0.94,0,0.97,0.88
2021-01-12,1783.3,1506.6,-276.7,1,0.0,0.12,20.4,0.259,-0.043,23.3,0.92,0.9,0.91,6,1.0,0.94,0,0.97,0.9
2021-01-13,1783.3,1370.5,-412.8,1,0.0,0.12,23.6,0.266,-0.057,26.5,0.92,0.47,0.69,5,0.83,0.94,0,0.97,0.93
2021-01-14,1783.3,1469.3,-314.0,1,0.0,0.12,23.0,0.241,-0.074,25.9,0.92,0.9,0.91,5,0.83,0.94,0,0.97,0.88
2021-01-15,1783.3,1098.5,-684.8,1,0.0,0.12,28.3,0.274,-0.03,31.2,0.92,0.9,0.91,4,0.67,0.56,0,0.97,0.93
2021-01-16,1783.3,1661.1,-122.2,0,0.0,0.12,21.4,0.244,-0.058,24.3,0.92,0.9,0.91,6,1.0,0.94,0,0.97,0.89
2021-01-17,1783.3,1245.8,-537.5,1,0.0,0.12,18.9,0.217,-0.062,21.8,0.92,0.35,0.64,6,1.0,0.94,0,0.97,0.93
2021-01-18,1783.3,1327.2,-456.1,1,0.0,0.12,28.3,0.246,-0.043,31.2,0.92,0.9,0.91,4,0.67,0.94,0,0.97,0.94
2021-01-19,1783.3,1663.6,-119.7,0,0.0,0.12,24.4,0.255,-0.027,27.3,0.92,0.9,0.91,6,1.0,0.94,0,0.97,0.92
2021-01-20,1783.3,1561.4,-221.9,1,0.0,0.12,27.4,0.235,-0.058,30.3,0.92,0.9,0.91,6,1.0,0.94,0,0.97,0.88
2021-01-21,1783.3,1620.7,-162.6,1,0.0,0.12,23.9,0.233,-0.045,26.8,0.92,0.9,0.91,5,0.83,0.94,0,0.97,0.91
2021-01-22,1783.3,1520.6,-262.7,1,0.0,0.12,25.7,0.27,-0.058,28.6,0.92,0.9,0.91,6,1.0,0.94,0,0.97,0.84
2021-01-23,1783.3,1701.6,-81.7,0,0.0,0.12,24.1,0.249,0.005,27.0,0.92,0.9,0.91,5,0.83,0.94,0,0.97,0.95
2021-01-24,1783.3,1241.8,-541.5,1,0.0,0.12,20.8,0.225,-0.032,23.7,0.41,0.9,0.66,5,0.83,0.94,0,0.97,0.95
2021-01-25,1783.3,1667.8,-115.5,0,0.0,0.12,21.5,0.301,-0.068,24.4,0.92,0.9,0.91,6,1.0,0.94,0,0.97,0.87
2021-01-26,1783.3,1490.2,-293.1,1,2.1,0.131,24.7,0.257,-0.066,27.6,0.92,0.9,0.91,5,0.83,0.94,0,0.96,0.88
2021-01-27,1783.3,1691.3,-92.0,0,0.0,0.12,26.1,0.24,-0.063,29.0,0.92,0.9,0.91,6,1.0,0.94,0,0.97,0.91
2021-01-28,1783.3,1672.7,-110.6,0,0.0,0.12,27.7,0.245,-0.048,30.6,0.92,0.9,0.91,5,0.83,0.94,0,0.97,0.92
2021-01-29,1783.3,1185.7,-597.6,1,0.0,0.12,32.2,0.237,-0.058,35.1,0.92,0.62,0.77,6,1.0,0.55,0,0.97,0.94
2021-01-30,1783.3,1233.4,-549.9,1,0.0,0.12,29.9,0.279,-0.079,32.8,0.44,0.9,0.67,5,0.83,0.94,0,0.97,0.89
2021-01-31,1783.3,1691.5,-91.8,0,0.0,0.12,20.0,0.257,-0.083,22.9,0.92,0.9,0.91,6,1.0,0.94,0,0.97,0.9
2021-02-01,1783.3,1207.9,-575.4,1,0.0,0.12,23.4,0.222,-0.062,26.3,0.92,0.9,0.91,4,0.67,0.94,0,0.97,0.87
2021-02-02,1783.3,800.6,-982.7,1,0.0,0.12,28.0,0.273,-0.065,30.9,0.92,0.9,0.91,4,0.67,0.67,1,0.97,0.87
2021-02-03,1783.3,1653.6,-129.7,0,0.0,0.12,25.3,0.283,-0.026,28.2,0.92,0.9,0.91,6,1.0,0.94,0,0.97,0.91
2021-02-04,1783.3,1307.6,-475.7,1,0.0,0.12,26.6,0.202,-0.064,29.5,0.92,0.9,0.91,6,1.0,0.62,0,0.97,1.0
2021-02-05,1783.3,1842.0,58.7,0,0.0,0.12,30.0,0.282,-0.063,32.9,0.92,0.9,0.91,6,1.0,0.94,0,0.97,1.0
2021-02-06,1783.3,1614.4,-168.9,1,0.0,0.12,17.1,0.28,-0.042,20.0,0.92,0.9,0.91,6,1.0,0.94,0,0.97,0.88
2021-02-07,1783.3,1682.7,-100.6,0,0.0,0.12,30.7,0.278,-0.059,33.6,0.92,0.9,0.91,6,1.0,0.94,0,0.97,0.92
2021-02-08,1783.3,1580.6,-202.7,1,0.0,0.12,20.6,0.235,-0.044,23.5,0.92,0.9,0.91,5,0.83,0.94,0,0.97,0.91
2021-02-09,1783.3,1364.3,-419.0,1,0.0,0.12,19.5,0.231,-0.041,22.4,0.92,0.59,0.75,5,0.83,0.94,0,0.97,0.92
2021-02-10,1783.3,1618.6,-164.7,1,0.0,0.12,27.5,0.23,-0.045,30.4,0.92,0.9,0.91,5,0.83,0.94,0,0.97,0.94
2021-02-11,1783.3,1221.8,-561.5,1,0.0,0.12,28.3,0.243,-0.041,31.2,0.48,0.9,0.69,6,1.0,0.94,0,0.97,0.92
2021-02-12,1783.3,1589.1,-194.2,1,0.0,0.12,20.2,0.232,-0.073,23.1,0.92,0.9,0.91,5,0.83,0.94,0,0.97,0.91
2021-02-13,1783.3,1342.9,-440.4,1,0.0,0.12,16.8,0.272,-0.025,20.0,0.92,0.4,0.66,6,1.0,0.94,0,0.97,0.98
2021-02-14,1783.3,1479.9,-303.4,1,2.1,0.131,29.3,0.263,-0.039,32.1,0.92,0.9,0.91,5,0.83,0.94,0,0.96,0.85
2021-02-15,1783.3,1077.3,-706.0,1,0.0,0.12,27.4,0.278,-0.02,30.3,0.92,0.9,0.91,6,1.0,0.59,0,0.97,0.87
2021-02-16,1783.3,1847.9,64.6,0,0.0,0.12,24.5,0.242,-0.047,27.4,0.92,0.9,0.91,6,1.0,0.94,0,0.97,1.0
2021-02-17,1783.3,1266.0,-517.3,1,0.0,0.12,25.0,0.262,-0.094,27.9,0.92,0.9,0.91,4,0.67,0.94,0,0.97,0.94
2021-02-18,1783.3,1484.8,-298.5,1,0.0,0.12,30.9,0.245,-0.03,33.8,0.92,0.9,0.91,5,0.83,0.94,0,0.97,0.91
2021-02-19,1783.3,1150.3,-633.0,1,0.0,0.12,24.3,0.233,-0.017,27.2,0.92,0.31,0.61,5,0.83,0.94,0,0.97,0.93
2021-02-20,1783.3,1698.4,-84.9,0,0.0,0.12,25.7,0.259,-0.076,28.6,0.92,0.9,0.91,5,0.83,0.94,0,0.97,0.93
2021-02-21,1783.3,1499.9,-283.4,1,0.0,0.12,22.6,0.248,-0.022,25.5,0.92,0.9,0.91,6,1.0,0.94,0,0.97,0.83
2021-02-22,1783.3,1726.0,-57.3,0,0.0,0.12,25.9,0.275,-0.064,28.8,0.92,0.9,0.91,6,1.0,0.94,0,0.97,0.95
2021-02-23,1783.3,1742.8,-40.5,0,0.0,0.12,23.0,0.272,-0.044,25.9,0.92,0.9,0.91,6,1.0,0.94,0,0.97,0.97
2021-02-24,1783.3,1506.2,-277.1,1,0.0,0.12,25.9,0.23,-0.03,28.8,0.92,0.9,0.91,5,0.83,0.94,0,0.97,0.87
2021-02-25,1783.3,1539.8,-243.5,1,0.0,0.12,19.1,0.266,-0.073,22.0,0.92,0.9,0.91,5,0.83,0.72,0,0.97,0.97
2021-02-26,1783.3,1112.1,-671.2,1,0.0,0.12,19.2,0.258,-0.073,22.1,0.92,0.9,0.91,4,0.67,0.94,0,0.97,0.86
2021-02-27,1783.3,1570.3,-213.0,1,0.0,0.12,25.4,0.243,-0.048,28.3,0.92,0.9,0.91,5,0.83,0.94,0,0.97,0.91
2021-02-28,1783.3,1181.5,-601.8,1,0.0,0.12,21.7,0.269,-0.052,24.6,0.92,0.35,0.63,6,1.0,0.94,0,0.97,0.89
2021-03-01,1783.3,1333.6,-449.7,1,1.9,0.129,21.6,0.236,-0.034,24.5,0.92,0.9,0.91,4,0.67,0.94,0,0.96,0.94
2021-03-02,1783.3,1434.7,-348.6,1,0.0,0.12,23.8,0.263,-0.068,26.7,0.92,0.62,0.77,5,0.83,0.94,0,0.97,0.91
2021-03-03,1783.3,1234.4,-548.9,1,0.0,0.12,28.9,0.222,-0.047,31.8,0.92,0.9,0.91,4,0.67,0.94,0,0.97,0.89
2021-03-04,1783.3,1309.9,-473.4,1,0.0,0.12,25.2,0.291,-0.041,28.1,0.92,0.9,0.91,4,0.67,0.94,0,0.97,0.94
2021-03-05,1783.3,1615.8,-167.5,1,0.0,0.12,24.1,0.283,-0.053,27.0,0.92,0.9,0.91,5,0.83,0.94,0,0.97,0.92
2021-03-06,1783.3,1722.6,-60.7,0,0.0,0.12,21.3,0.237,-0.087,24.2,0.92,0.9,0.91,6,1.0,0.94,0,0.97,0.93
2021-03-07,1783.3,1530.7,-252.6,1,0.0,0.12,28.0,0.241,-0.044,30.9,0.92,0.9,0.91,5,0.83,0.94,0,0.97,0.88
2021-03-08,1783.3,1511.6,-271.7,1,0.0,0.12,27.6,0.287,-0.066,30.5,0.92,0.9,0.91,5,0.83,0.94,0,0.97,0.89
2021-03-09,1783.3,1218.0,-565.3,1,0.0,0.12,31.0,0.231,-0.067,33.9,0.92,0.9,0.91,4,0.67,0.94,0,0.97,0.94
2021-03-10,1783.3,1350.5,-432.8,1,0.0,0.12,23.4,0.276,-0.04,26.3,0.92,0.55,0.74,5,0.83,0.94,0,0.97,0.89
2021-03-11,1783.3,1632.8,-150.5,1,0.0,0.12,19.0,0.227,-0.028,21.9,0.92,0.9,0.91,6,1.0,0.94,0,0.97,0.91
2021-03-12,1783.3,1347.7,-435.6,1,0.0,0.12,18.4,0.262,-0.067,21.3,0.92,0.9,0.91,4,0.67,0.94,0,0.97,0.92
2021-03-13,1783.3,1666.4,-116.9,0,3.4,0.137,22.7,0.242,-0.058,25.5,0.92,0.9,0.91,6,1.0,0.94,0,0.96,0.91
2021-03-14,1783.3,1201.4,-581.9,1,0.0,0.12,29.3,0.268,-0.077,32.2,0.92,0.41,0.67,4,0.67,0.94,0,0.97,0.87
2021-03-15,1783.3,1535.1,-248.2,1,0.0,0.12,30.5,0.282,-0.039,33.4,0.92,0.9,0.91,6,1.0,0.94,0,0.97,0.85
2021-03-16,1783.3,1597.9,-185.4,1,0.0,0.12,22.0,0.231,-0.047,24.9,0.92,0.9,0.91,5,0.83,0.94,0,0.97,0.9
2021-03-17,1783.3,1645.1,-138.2,0,0.0,0.12,23.3,0.28,-0.039,26.2,0.92,0.9,0.91,5,0.83,0.94,0,0.97,0.91
2021-03-18,1783.3,1753.5,-29.8,0,0.0,0.12,15.8,0.226,-0.06,20.0,0.92,0.9,0.91,5,0.83,0.94,0,0.97,1.0
2021-03-19,1783.3,1292.8,-490.5,1,0.0,0.12,21.0,0.269,-0.038,23.9,0.92,0.48,0.7,5,0.83,0.94,0,0.97,0.87
2021-03-20,1783.3,1631.5,-151.8,1,0.0,0.12,22.8,0.276,-0.044,25.7,0.92,0.9,0.91,5,0.83,0.94,0,0.97,0.96
2021-03-21,1783.3,1320.5,-462.8,1,0.0,0.12,24.8,0.244,-0.064,27.7,0.5,0.9,0.7,6,1.0,0.64,0,0.97,0.99
2021-03-22,1783.3,1628.0,-155.3,1,0.0,0.12,21.7,0.237,-0.051,24.6,0.92,0.9,0.91,5,0.83,0.94,0,0.97,0.93
2021-03-23,1783.3,1663.5,-119.8,0,0.0,0.12,31.7,0.29,-0.038,34.6,0.92,0.9,0.91,6,1.0,0.94,0,0.97,0.93
2021-03-24,1783.3,1552.6,-230.7,1,0.0,0.12,27.8,0.286,-0.059,30.7,0.92,0.9,0.91,5,0.83,0.94,0,0.97,0.87
2021-03-25,1783.3,1756.1,-27.2,0,0.0,0.12,16.9,0.228,-0.013,20.0,0.92,0.9,0.91,5,0.83,0.94,0,0.97,0.94
2021-03-26,1783.3,1233.2,-550.1,1,0.0,0.12,22.0,0.25,-0.063,24.9,0.92,0.3,0.61,5,0.83,0.94,0,0.97,0.97
2021-03-27,1783.3,1279.3,-504.0,1,0.0,0.12,18.9,0.213,-0.073,21.8,0.92,0.9,0.91,4,0.67,0.7,0,0.97,0.94
2021-03-28,1783.3,1322.4,-460.9,1,0.0,0.12,29.0,0.245,-0.074,31.9,0.92,0.9,0.91,6,1.0,0.94,1,0.97,0.96
2021-03-29,1783.3,1530.2,-253.1,1,0.0,0.12,26.1,0.236,-0.029,29.0,0.92,0.9,0.91,5,0.83,0.94,0,0.97,0.9
2021-03-30,1783.3,1697.6,-85.7,0,0.0,0.12,21.9,0.227,-0.054,24.8,0.92,0.9,0.91,6,1.0,0.94,0,0.97,0.94
2021-03-31,1783.3,1015.2,-768.1,1,1.4,0.127,25.8,0.254,-0.023,28.6,0.61,0.9,0.76,5,0.83,0.94,1,0.96,0.9
2021-04-01,1783.3,1225.2,-558.1,1,0.0,0.12,34.5,0.283,-0.037,37.4,0.92,0.4,0.66,5,0.83,0.67,0,0.97,0.91
2021-04-02,1783.3,1781.7,-1.6,0,0.0,0.12,28.7,0.252,-0.07,31.6,0.92,0.9,0.91,5,0.83,0.94,0,0.97,1.0
2021-04-03,1783.3,1260.6,-522.7,1,0.0,0.12,33.1,0.238,-0.038,36.0,0.92,0.9,0.91,4,0.67,0.57,0,0.97,0.96
2021-04-04,1783.3,1567.3,-216.0,1,0.0,0.12,35.0,0.269,-0.045,37.9,0.92,0.9,0.91,5,0.83,0.94,0,0.97,0.92
2021-04-05,1783.3,1637.5,-145.8,0,0.0,0.12,34.4,0.278,-0.052,37.3,0.92,0.9,0.91,5,0.83,0.94,0,0.97,0.96
2021-04-06,1783.3,1348.4,-434.9,1,0.0,0.12,34.5,0.25,-0.094,37.4,0.64,0.9,0.77,6,1.0,0.94,0,0.97,0.9
2021-04-07,1783.3,1588.9,-194.4,1,0.0,0.12,31.8,0.252,-0.078,34.7,0.92,0.9,0.91,5,0.83,0.94,0,0.97,0.93
2021-04-08,1783.3,1722.3,-61.0,0,0.0,0.12,42.0,0.274,-0.031,44.9,0.92,0.9,0.91,6,1.0,0.94,0,0.97,0.9
2021-04-09,1783.3,1439.0,-344.3,1,0.0,0.12,39.8,0.267,-0.069,42.7,0.92,0.9,0.91,5,0.83,0.94,0,0.97,0.86
2021-04-10,1783.3,1527.1,-256.2,1,0.0,0.12,34.1,0.258,-0.053,37.0,0.92,0.9,0.91,5,0.83,0.94,0,0.97,0.88
2021-04-11,1783.3,1629.8,-153.5,1,0.0,0.12,41.3,0.28,-0.031,44.2,0.92,0.9,0.91,5,0.83,0.94,0,0.97,0.93
2021-04-12,1783.3,1565.0,-218.3,1,0.0,0.12,37.1,0.307,-0.041,40.0,0.92,0.9,0.91,5,0.83,0.94,0,0.97,0.91
2021-04-13,1783.3,1695.7,-87.6,0,0.0,0.12,31.5,0.258,-0.059,34.4,0.92,0.9,0.91,5,0.83,0.94,0,0.97,0.93
2021-04-14,1783.3,1560.9,-222.4,1,0.0,0.12,35.1,0.275,-0.044,38.0,0.92,0.9,0.91,5,0.83,0.94,0,0.97,0.9
2021-04-15,1783.3,1390.1,-393.2,1,0.0,0.12,29.8,0.259,-0.051,32.7,0.92,0.9,0.91,5,0.83,0.64,0,0.97,1.0
2021-04-16,1783.3,1102.6,-680.7,1,0.0,0.12,46.5,0.235,-0.07,48.0,0.92,0.9,0.91,4,0.67,0.94,0,0.97,0.8
2021-04-17,1783.3,1510.5,-272.8,1,0.0,0.12,36.7,0.276,-0.062,39.6,0.92,0.9,0.91,5,0.83,0.94,0,0.97,0.87
2021-04-18,1783.3,1606.8,-176.5,1,0.0,0.12,39.7,0.251,-0.071,42.6,0.92,0.9,0.91,5,0.83,0.94,0,0.97,0.94
2021-04-19,1783.3,1637.9,-145.4,0,0.0,0.12,35.1,0.215,-0.05,38.0,0.92,0.9,0.91,6,1.0,0.94,0,0.97,0.89
2021-04-20,1783.3,1124.6,-658.7,1,0.0,0.12,44.2,0.251,-0.069,47.1,0.92,0.9,0.91,4,0.67,0.94,0,0.97,0.8
2021-04-21,1783.3,1713.1,-70.2,0,0.0,0.12,34.4,0.234,-0.064,37.3,0.92,0.9,0.91,6,1.0,0.94,0,0.97,0.93
2021-04-22,1783.3,1662.9,-120.4,0,0.0,0.12,33.7,0.255,-0.089,36.6,0.92,0.9,0.91,5,0.83,0.94,0,0.97,0.91
2021-04-23,1783.3,1605.5,-177.8,1,0.0,0.12,40.2,0.268,-0.037,43.1,0.92,0.9,0.91,5,0.83,0.94,0,0.97,0.89
2021-04-24,1783.3,1194.7,-588.6,1,0.0,0.12,37.0,0.26,-0.059,39.9,0.92,0.9,0.91,5,0.83,0.66,0,0.97,0.9
2021-04-25,1783.3,929.9,-853.4,1,0.0,0.12,31.6,0.258,0.019,34.5,0.56,0.9,0.73,4,0.67,0.94,1,0.97,0.91
2021-04-26,1783.3,1803.7,20.4,0,0.0,0.12,34.6,0.273,-0.032,37.5,0.92,0.9,0.91,6,1.0,0.94,0,0.97,0.93
2021-04-27,1783.3,1677.3,-106.0,0,0.0,0.12,33.2,0.22,-0.042,36.1,0.92,0.9,0.91,5,0.83,0.94,0,0.97,0.97
2021-04-28,1783.3,1283.6,-499.7,1,0.0,0.12,38.7,0.245,-0.073,41.6,0.92,0.38,0.65,6,1.0,0.94,0,0.97,0.92
2021-04-29,1783.3,1257.6,-525.7,1,0.0,0.12,36.3,0.247,-0.069,39.2,0.92,0.9,0.91,6,1.0,0.94,1,0.97,0.93
2021-04-30,1783.3,1046.7,-736.6,1,0.0,0.12,43.1,0.25,-0.057,46.0,0.42,0.9,0.66,6,1.0,0.94,0,0.97,0.85
2021-05-01,1783.3,1749.7,-33.6,0,1.0,0.125,30.8,0.251,-0.069,33.7,0.92,0.9,0.91,6,1.0,0.94,0,0.97,0.95
2021-05-02,1783.3,1561.2,-222.1,1,0.2,0.121,29.2,0.218,-0.035,32.1,0.92,0.9,0.91,6,1.0,0.94,0,0.97,0.89
2021-05-03,1783.3,1645.4,-137.9,0,0.0,0.12,40.7,0.231,-0.054,43.6,0.92,0.9,0.91,5,0.83,0.94,0,0.97,0.92
2021-05-04,1783.3,1800.7,17.4,0,0.0,0.12,39.8,0.216,-0.03,42.7,0.92,0.9,0.91,6,1.0,0.94,0,0.97,0.93
2021-05-05,1783.3,1313.4,-469.9,1,0.0,0.12,39.0,0.239,-0.065,41.9,0.56,0.9,0.73,4,0.67,0.94,0,0.97,0.92
2021-05-06,1783.3,1114.1,-669.2,1,0.0,0.12,30.9,0.258,-0.072,33.8,0.92,0.9,0.91,6,1.0,0.62,0,0.97,0.88
2021-05-07,1783.3,1375.6,-407.7,1,0.2,0.121,43.2,0.258,-0.054,46.1,0.92,0.9,0.91,6,1.0,0.94,0,0.97,0.76
2021-05-08,1783.3,1230.9,-552.4,1,0.0,0.12,28.4,0.232,-0.058,31.3,0.92,0.35,0.63,5,0.83,0.94,0,0.97,0.95
2021-05-09,1783.3,1481.4,-301.9,1,0.0,0.12,28.9,0.259,-0.06,31.8,0.92,0.9,0.91,5,0.83,0.94,0,0.97,0.87
2021-05-10,1783.3,1278.7,-504.6,1,0.0,0.12,35.8,0.282,-0.039,38.7,0.92,0.9,0.91,5,0.83,0.94,1,0.97,0.98
2021-05-11,1783.3,1096.0,-687.3,1,0.0,0.12,28.8,0.257,-0.023,31.7,0.92,0.9,0.91,5,0.83,0.94,1,0.97,0.84
2021-05-12,1783.3,1449.4,-333.9,1,0.0,0.12,42.0,0.271,-0.045,44.9,0.92,0.63,0.78,5,0.83,0.94,0,0.97,0.9
2021-05-13,1783.3,1309.4,-473.9,1,0.0,0.12,29.7,0.235,-0.058,32.6,0.92,0.9,0.91,4,0.67,0.94,0,0.97,0.91
2021-05-14,1783.3,1682.6,-100.7,0,0.9,0.124,34.3,0.209,-0.042,37.2,0.92,0.9,0.91,6,1.0,0.94,0,0.97,0.91
2021-05-15,1783.3,1383.5,-399.8,1,0.0,0.12,39.1,0.272,-0.052,42.0,0.68,0.9,0.79,5,0.83,0.94,0,0.97,0.85
2021-05-16,1783.3,1484.1,-299.2,1,0.0,0.12,45.0,0.24,-0.083,47.9,0.92,0.9,0.91,5,0.83,0.94,0,0.97,0.87
2021-05-17,1783.3,838.6,-944.7,1,0.0,0.12,41.3,0.247,-0.082,44.2,0.47,0.9,0.68,5,0.83,0.94,1,0.97,0.93
2021-05-18,1783.3,1160.2,-623.1,1,0.0,0.12,43.3,0.245,-0.054,46.2,0.92,0.5,0.71,6,1.0,0.94,0,0.97,0.81
2021-05-19,1783.3,1590.4,-192.9,1,0.0,0.12,33.8,0.245,-0.059,36.7,0.92,0.9,0.91,6,1.0,0.94,0,0.97,0.88
2021-05-20,1783.3,1488.8,-294.5,1,0.0,0.12,44.3,0.246,-0.024,47.2,0.92,0.9,0.91,5,0.83,0.94,0,0.97,0.84
2021-05-21,1783.3,1633.8,-149.5,0,0.0,0.12,36.2,0.258,-0.039,39.1,0.92,0.9,0.91,5,0.83,0.94,0,0.97,0.95
2021-05-22,1783.3,1480.4,-302.9,1,0.0,0.12,38.0,0.287,-0.03,40.9,0.92,0.9,0.91,5,0.83,0.94,0,0.97,0.85
2021-05-23,1783.3,1215.0,-568.3,1,0.0,0.12,32.5,0.271,-0.041,35.4,0.92,0.9,0.91,5,0.83,0.94,1,0.97,0.93
2021-05-24,1783.3,1464.3,-319.0,1,0.0,0.12,30.5,0.278,-0.052,33.4,0.92,0.6,0.76,5,0.83,0.94,0,0.97,0.97
2021-05-25,1783.3,1637.6,-145.7,0,0.0,0.12,40.5,0.241,-0.031,43.4,0.92,0.9,0.91,6,1.0,0.94,0,0.97,0.91
2021-05-26,1783.3,1658.6,-124.7,0,0.0,0.12,35.6,0.26,-0.083,38.5,0.92,0.9,0.91,5,0.83,0.94,0,0.97,0.96
2021-05-27,1783.3,1597.4,-185.9,1,0.0,0.12,33.2,0.262,-0.07,36.1,0.92,0.9,0.91,6,1.0,0.94,0,0.97,0.91
2021-05-28,1783.3,1834.2,50.9,0,0.0,0.12,36.8,0.25,-0.069,39.7,0.92,0.9,0.91,6,1.0,0.94,0,0.97,1.0
2021-05-29,1783.3,1020.8,-762.5,1,0.0,0.12,39.9,0.259,-0.067,42.8,0.92,0.9,0.91,4,0.67,0.69,1,0.97,0.93
2021-05-30,1783.3,1514.0,-269.3,1,0.0,0.12,28.6,0.227,-0.029,31.5,0.92,0.9,0.91,5,0.83,0.94,0,0.97,0.87
2021-05-31,1783.3,1824.6,41.3,0,0.0,0.12,33.9,0.234,-0.056,36.8,0.92,0.9,0.91,6,1.0,0.94,0,0.97,0.96
2021-06-01,1683.3,1734.8,51.5,0,0.8,0.356,27.9,0.58,0.078,29.6,0.92,0.9,0.91,6,1.0,0.94,0,0.9,0.96
2021-06-02,1683.3,1415.7,-267.6,1,20.2,0.495,26.4,0.604,0.113,27.4,0.92,0.9,0.91,5,0.83,0.94,0,0.86,0.92
2021-06-03,1683.3,1418.2,-265.1,1,12.9,0.442,30.0,0.556,0.1,31.3,0.92,0.9,0.91,5,0.83,0.94,0,0.88,0.88
2021-06-04,1683.3,1341.4,-341.9,1,13.5,0.446,30.3,0.607,0.102,31.6,0.55,0.9,0.72,5,0.83,0.68,0,0.88,0.86
2021-06-05,1683.3,1674.4,-8.9,0,0.5,0.354,28.6,0.578,0.043,30.3,0.92,0.9,0.91,6,1.0,0.94,0,0.9,0.94
2021-06-06,1683.3,1198.5,-484.8,1,9.1,0.415,29.8,0.569,0.053,31.3,0.92,0.9,0.91,5,0.83,0.61,0,0.88,0.94
2021-06-07,1683.3,1500.2,-183.1,1,29.0,0.557,27.9,0.562,0.089,28.6,0.92,0.9,0.91,5,0.83,0.94,0,0.84,0.94
2021-06-08,1683.3,411.0,-1272.3,1,100.8,0.95,26.9,0.622,0.288,25.7,0.92,0.9,0.91,6,1.0,0.94,3,0.58,0.92
2021-06-09,1683.3,578.3,-1105.0,1,90.9,0.95,33.1,0.596,0.273,31.9,0.92,0.9,0.91,4,0.67,0.94,1,0.58,0.94
2021-06-10,1683.3,1468.2,-215.1,1,3.9,0.378,24.1,0.585,0.078,25.8,0.92,0.9,0.91,5,0.83,0.94,0,0.89,0.94
2021-06-11,1683.3,1151.7,-531.6,1,25.8,0.534,22.9,0.59,0.112,23.7,0.92,0.36,0.64,4,0.67,0.94,0,0.85,0.94
2021-06-12,1683.3,1293.3,-390.0,1,6.2,0.394,26.1,0.587,0.084,27.6,0.92,0.9,0.91,6,1.0,0.66,0,0.89,0.86
2021-06-13,1683.3,1266.0,-417.3,1,3.7,0.377,21.8,0.589,0.021,23.5,0.92,0.9,0.91,4,0.67,0.94,0,0.89,0.92
2021-06-14,1683.3,1320.4,-362.9,1,24.0,0.521,29.7,0.618,0.127,30.6,0.92,0.9,0.91,6,1.0,0.94,1,0.85,0.92
2021-06-15,1683.3,1540.8,-142.5,0,1.8,0.363,30.7,0.576,0.059,32.3,0.92,0.9,0.91,5,0.83,0.94,0,0.9,0.93
2021-06-16,1683.3,1506.2,-177.1,1,9.3,0.416,28.2,0.579,0.083,29.7,0.92,0.9,0.91,6,1.0,0.94,0,0.88,0.88
2021-06-17,1683.3,1236.6,-446.7,1,18.1,0.479,28.7,0.571,0.088,29.8,0.92,0.42,0.67,6,1.0,0.94,0,0.87,0.91
2021-06-18,1683.3,1235.0,-448.3,1,1.5,0.361,27.5,0.599,0.05,29.2,0.92,0.9,0.91,4,0.67,0.94,0,0.9,0.94
2021-06-19,1683.3,1043.3,-640.0,1,2.5,0.368,31.2,0.588,0.076,32.8,0.92,0.47,0.7,6,1.0,0.56,0,0.9,0.95
2021-06-20,1683.3,1696.6,13.3,0,0.2,0.352,25.7,0.618,0.044,27.4,0.92,0.9,0.91,6,1.0,0.94,0,0.9,0.9
2021-06-21,1683.3,1345.3,-338.0,1,6.4,0.396,30.5,0.613,0.057,32.0,0.92,0.61,0.76,5,0.83,0.94,0,0.89,0.89
2021-06-22,1683.3,1654.8,-28.5,0,6.5,0.396,29.6,0.642,0.022,31.1,0.92,0.9,0.91,6,1.0,0.94,0,0.89,0.93
2021-06-23,1683.3,1124.2,-559.1,1,4.0,0.379,30.7,0.597,0.023,32.4,0.69,0.9,0.8,5,0.83,0.94,1,0.89,0.98
2021-06-24,1683.3,956.0,-727.3,1,49.5,0.703,31.6,0.612,0.2,31.6,0.62,0.9,0.76,6,1.0,0.94,1,0.65,0.95
2021-06-25,1683.3,844.7,-838.6,1,2.5,0.368,30.9,0.57,0.031,32.6,0.92,0.36,0.64,6,1.0,0.94,1,0.9,0.88
2021-06-26,1683.3,1439.8,-243.5,1,35.9,0.607,25.9,0.606,0.158,26.4,0.92,0.9,0.91,6,1.0,0.94,0,0.68,0.99
2021-06-27,1683.3,1234.5,-448.8,1,14.5,0.453,30.7,0.592,0.091,32.0,0.92,0.9,0.91,4,0.67,0.94,0,0.87,0.96
2021-06-28,1683.3,1888.3,205.0,0,4.9,0.385,31.8,0.593,0.06,33.4,0.92,0.9,0.91,6,1.0,0.94,0,0.89,0.99
2021-06-29,1683.3,1650.4,-32.9,0,0.1,0.35,25.2,0.574,-0.005,27.0,0.92,0.9,0.91,6,1.0,0.94,0,0.9,0.93
2021-06-30,1683.3,1288.8,-394.5,1,2.3,0.366,26.8,0.596,0.062,28.5,0.92,0.9,0.91,4,0.67,0.94,0,0.9,0.92
2021-07-01,1683.3,1245.6,-437.7,1,4.0,0.378,28.6,0.592,0.062,30.2,0.92,0.9,0.91,6,1.0,0.94,1,0.89,0.93
2021-07-02,1683.3,987.4,-695.9,1,18.8,0.484,23.4,0.599,0.095,24.5,0.92,0.9,0.91,4,0.67,0.63,0,0.86,0.89
2021-07-03,1683.3,652.7,-1030.6,1,48.8,0.699,22.7,0.564,0.186,22.7,0.92,0.9,0.91,6,1.0,0.94,2,0.65,0.93
2021-07-04,1683.3,1474.3,-209.0,1,4.4,0.381,27.4,0.6,0.052,29.0,0.92,0.9,0.91,5,0.83,0.94,0,0.89,0.9
2021-07-05,1683.3,1221.8,-461.5,1,2.7,0.37,32.3,0.627,0.072,34.0,0.92,0.9,0.91,5,0.83,0.61,0,0.9,0.92
2021-07-06,1683.3,1594.2,-89.1,0,4.8,0.384,28.4,0.619,0.098,30.0,0.92,0.9,0.91,6,1.0,0.94,0,0.89,0.91
2021-07-07,1683.3,1254.0,-429.3,1,2.0,0.364,27.1,0.605,0.022,28.8,0.92,0.62,0.77,6,1.0,0.94,1,0.9,0.99
2021-07-08,1683.3,1451.9,-231.4,1,2.3,0.366,30.7,0.629,0.047,32.4,0.92,0.9,0.91,5,0.83,0.74,0,0.9,0.98
2021-07-09,1683.3,626.5,-1056.8,1,61.0,0.785,23.0,0.607,0.166,22.6,0.92,0.9,0.91,6,1.0,0.94,2,0.63,0.85
2021-07-10,1683.3,1622.6,-60.7,0,13.7,0.448,28.0,0.6,0.087,29.2,0.92,0.9,0.91,6,1.0,0.94,0,0.87,0.92
2021-07-11,1683.3,1627.1,-56.2,0,25.3,0.531,30.0,0.61,0.082,30.9,0.92,0.9,0.91,6,1.0,0.94,0,0.85,0.93
2021-07-12,1683.3,1213.0,-470.3,1,33.3,0.588,27.2,0.576,0.155,27.7,0.92,0.9,0.91,6,1.0,0.94,0,0.69,0.87
2021-07-13,1683.3,751.1,-932.2,1,77.9,0.907,23.7,0.62,0.279,22.6,0.92,0.9,0.91,5,0.83,0.94,1,0.6,0.93
2021-07-14,1683.3,1045.5,-637.8,1,22.7,0.512,28.6,0.575,0.136,29.5,0.65,0.9,0.77,4,0.67,0.94,0,0.86,0.84
2021-07-15,1683.3,971.3,-712.0,1,51.4,0.717,23.8,0.578,0.182,23.7,0.92,0.9,0.91,6,1.0,0.94,1,0.65,0.94
2021-07-16,1683.3,1242.3,-441.0,1,0.2,0.351,29.2,0.591,0.083,30.9,0.92,0.48,0.7,5,0.83,0.94,0,0.9,0.89
2021-07-17,1683.3,637.0,-1046.3,1,111.5,0.95,26.0,0.594,0.268,24.7,0.92,0.6,0.76,5,0.83,0.94,1,0.58,0.86
2021-07-18,1683.3,411.5,-1271.8,1,56.6,0.755,34.2,0.597,0.193,33.9,0.92,0.9,0.91,6,1.0,0.94,3,0.64,0.84
2021-07-19,1683.3,1507.1,-176.2,1,23.3,0.516,32.2,0.606,0.106,33.1,0.92,0.9,0.91,5,0.83,0.94,0,0.86,0.93
2021-07-20,1683.3,536.3,-1147.0,1,48.8,0.698,31.6,0.624,0.168,31.6,0.92,0.9,0.91,6,1.0,0.94,3,0.65,0.95
2021-07-21,1683.3,999.4,-683.9,1,39.8,0.635,18.7,0.613,0.175,20.0,0.92,0.9,0.91,5,0.83,0.62,0,0.67,0.94
2021-07-22,1683.3,1233.3,-450.0,1,1.5,0.36,29.8,0.586,0.033,31.5,0.42,0.9,0.66,6,1.0,0.74,0,0.9,0.93
2021-07-23,1683.3,1528.1,-155.2,1,8.1,0.408,31.2,0.621,0.076,32.7,0.92,0.9,0.91,5,0.83,0.94,0,0.89,0.91
2021-07-24,1683.3,1178.1,-505.2,1,1.5,0.361,29.1,0.597,0.055,30.8,0.92,0.9,0.91,4,0.67,0.94,0,0.9,0.89
2021-07-25,1683.3,1084.5,-598.8,1,22.8,0.513,23.3,0.586,0.115,24.3,0.92,0.9,0.91,4,0.67,0.94,0,0.86,0.88
2021-07-26,1683.3,1116.6,-566.7,1,31.3,0.574,32.7,0.601,0.157,33.3,0.92,0.9,0.91,5,0.83,0.94,0,0.69,0.94
2021-07-27,1683.3,1207.3,-476.0,1,2.2,0.366,27.3,0.605,0.05,28.9,0.92,0.9,0.91,4,0.67,0.94,0,0.9,0.94
2021-07-28,1683.3,1064.0,-619.3,1,40.9,0.642,27.5,0.578,0.15,27.8,0.92,0.51,0.71,5,0.83,0.94,0,0.67,0.89
2021-07-29,1683.3,1197.8,-485.5,1,4.0,0.379,26.8,0.581,0.058,28.4,0.92,0.9,0.91,4,0.67,0.94,0,0.89,0.89
2021-07-30,1683.3,1196.7,-486.6,1,0.8,0.356,27.0,0.574,0.048,28.7,0.65,0.9,0.77,5,0.83,0.61,0,0.9,0.95
2021-07-31,1683.3,1370.0,-313.3,1,24.3,0.523,35.8,0.565,0.115,36.6,0.92,0.9,0.91,5,0.83,0.94,0,0.85,0.9
2021-08-01,1683.3,1159.9,-523.4,1,28.3,0.552,27.8,0.624,0.113,28.6,0.92,0.33,0.62,4,0.67,0.94,0,0.85,0.95
2021-08-02,1683.3,1627.0,-56.3,0,4.7,0.383,29.8,0.614,0.039,31.4,0.92,0.9,0.91,5,0.83,0.94,0,0.89,0.97
2021-08-03,1683.3,886.2,-797.1,1,102.9,0.95,26.8,0.608,0.27,25.5,0.92,0.9,0.91,6,1.0,0.94,1,0.58,0.92
2021-08-04,1683.3,1187.1,-496.2,1,3.3,0.373,26.4,0.584,0.06,28.1,0.92,0.9,0.91,4,0.67,0.94,0,0.9,0.93
2021-08-05,1683.3,1412.1,-271.2,1,2.8,0.37,27.6,0.618,0.038,29.3,0.92,0.9,0.91,5,0.83,0.94,0,0.9,0.89
2021-08-06,1683.3,1799.5,116.2,0,3.8,0.377,27.2,0.61,0.05,28.8,0.92,0.9,0.91,6,1.0,0.94,0,0.89,1.0
2021-08-07,1683.3,1714.9,31.6,0,9.5,0.418,28.9,0.58,0.039,30.3,0.92,0.9,0.91,6,1.0,0.94,0,0.88,0.94
2021-08-08,1683.3,880.0,-803.3,1,107.5,0.95,26.4,0.639,0.274,25.1,0.92,0.9,0.91,5,0.83,0.94,1,0.58,1.0
2021-08-09,1683.3,752.2,-931.1,1,50.1,0.708,27.5,0.598,0.158,27.5,0.92,0.63,0.78,5,0.83,0.94,1,0.65,0.93
2021-08-10,1683.3,793.4,-889.9,1,31.7,0.577,26.9,0.575,0.144,27.5,0.92,0.9,0.91,5,0.83,0.94,1,0.69,0.88
2021-08-11,1683.3,980.1,-703.2,1,6.9,0.399,31.6,0.621,0.052,33.1,0.58,0.38,0.48,5,0.83,0.94,0,0.89,0.97
2021-08-12,1683.3,1281.8,-401.5,1,2.5,0.368,26.2,0.607,0.079,27.9,0.92,0.9,0.91,6,1.0,0.64,0,0.9,0.92
2021-08-13,1683.3,1691.9,8.6,0,0.3,0.352,24.9,0.598,0.044,26.6,0.92,0.9,0.91,6,1.0,0.94,0,0.9,0.93
2021-08-14,1683.3,1742.5,59.2,0,17.7,0.476,22.7,0.645,0.128,23.9,0.92,0.9,0.91,6,1.0,0.94,0,0.87,0.95
2021-08-15,1683.3,438.6,-1244.7,1,209.2,0.95,29.6,0.589,0.283,28.3,0.92,0.42,0.67,5,0.83,0.94,2,0.58,0.87
2021-08-16,1683.3,1203.1,-480.2,1,0.5,0.353,31.0,0.602,0.015,32.7,0.42,0.9,0.66,5,0.83,0.94,0,0.9,0.9
2021-08-17,1683.3,1082.8,-600.5,1,3.6,0.376,23.8,0.576,0.02,25.4,0.92,0.9,0.91,4,0.67,0.94,0,0.89,0.9
2021-08-18,1683.3,1045.0,-638.3,1,30.2,0.565,27.1,0.584,0.158,27.8,0.92,0.9,0.91,5,0.83,0.94,0,0.69,0.88
2021-08-19,1683.3,1734.4,51.1,0,23.6,0.518,23.2,0.571,0.124,24.1,0.92,0.9,0.91,6,1.0,0.94,0,0.85,0.98
2021-08-20,1683.3,1517.5,-165.8,1,3.0,0.371,29.6,0.582,0.066,31.3,0.92,0.9,0.91,5,0.83,0.94,0,0.9,0.94
2021-08-21,1683.3,1612.6,-70.7,0,0.2,0.352,26.7,0.598,0.037,28.4,0.92,0.9,0.91,6,1.0,0.94,0,0.9,0.9
2021-08-22,1683.3,1366.5,-316.8,1,2.7,0.37,34.4,0.613,0.047,36.1,0.92,0.9,0.91,6,1.0,0.68,0,0.9,0.93
2021-08-23,1683.3,1714.5,31.2,0,1.2,0.359,28.1,0.567,0.04,29.8,0.92,0.9,0.91,6,1.0,0.94,0,0.9,0.9
2021-08-24,1683.3,818.4,-864.9,1,135.5,0.95,26.7,0.601,0.306,25.4,0.92,0.9,0.91,6,1.0,0.94,1,0.58,0.89
2021-08-25,1683.3,742.1,-941.2,1,68.2,0.837,26.9,0.625,0.247,26.2,0.92,0.9,0.91,5,0.83,0.94,1,0.62,0.93
2021-08-26,1683.3,1670.4,-12.9,0,3.4,0.374,25.2,0.647,0.057,26.8,0.92,0.9,0.91,6,1.0,0.94,0,0.9,0.91
2021-08-27,1683.3,1591.1,-92.2,0,3.3,0.373,27.0,0.62,0.059,28.6,0.92,0.9,0.91,6,1.0,0.94,0,0.9,0.87
2021-08-28,1683.3,880.8,-802.5,1,57.5,0.761,29.0,0.571,0.217,28.7,0.92,0.64,0.78,5,0.83,0.94,1,0.64,0.96
2021-08-29,1683.3,1649.4,-33.9,0,7.0,0.4,30.2,0.565,0.047,31.7,0.92,0.9,0.91,5,0.83,0.94,0,0.89,1.0
2021-08-30,1683.3,1571.6,-111.7,0,23.1,0.515,26.6,0.593,0.111,27.6,0.92,0.9,0.91,6,1.0,0.94,0,0.86,0.84
2021-08-31,1683.3,1085.9,-597.4,1,39.9,0.635,23.2,0.595,0.156,23.5,0.92,0.35,0.63,5,0.83,0.94,0,0.67,0.91
2021-09-01,1683.3,1333.4,-349.9,1,4.4,0.381,28.2,0.603,0.089,29.8,0.52,0.9,0.71,5,0.83,0.94,0,0.89,0.95
2021-09-02,1683.3,1256.4,-426.9,1,4.0,0.379,27.3,0.601,0.058,28.9,0.92,0.9,0.91,4,0.67,0.94,0,0.89,0.97
2021-09-03,1683.3,1152.8,-530.5,1,4.4,0.381,25.7,0.611,0.058,27.3,0.92,0.9,0.91,4,0.67,0.94,0,0.89,0.89
2021-09-04,1683.3,1243.7,-439.6,1,0.7,0.355,24.9,0.624,0.065,26.7,0.92,0.9,0.91,5,0.83,0.94,1,0.9,0.92
2021-09-05,1683.3,1399.1,-284.2,1,5.3,0.388,28.0,0.605,0.042,29.6,0.92,0.57,0.74,6,1.0,0.94,0,0.89,0.96
2021-09-06,1683.3,792.3,-891.0,1,13.9,0.449,33.7,0.561,0.077,34.9,0.92,0.9,0.91,4,0.67,0.94,1,0.87,0.94
2021-09-07,1683.3,1587.1,-96.2,0,7.0,0.4,27.1,0.617,0.089,28.6,0.92,0.9,0.91,6,1.0,0.94,0,0.89,0.87
2021-09-08,1683.3,1288.6,-394.7,1,12.5,0.439,33.1,0.561,0.093,34.4,0.92,0.42,0.67,6,1.0,0.94,0,0.88,0.94
2021-09-09,1683.3,1417.4,-265.9,1,42.4,0.653,25.4,0.624,0.171,25.6,0.92,0.9,0.91,6,1.0,0.94,0,0.67,0.97
2021-09-10,1683.3,1393.1,-290.2,1,20.5,0.496,28.2,0.604,0.092,29.2,0.92,0.58,0.75,5,0.83,0.94,0,0.86,0.89
2021-09-11,1683.3,1102.9,-580.4,1,1.7,0.362,30.3,0.622,0.057,32.0,0.51,0.64,0.57,4,0.67,0.94,0,0.9,1.0
2021-09-12,1683.3,1625.6,-57.7,0,8.6,0.411,25.3,0.607,0.103,26.7,0.92,0.9,0.91,6,1.0,0.94,0,0.88,0.88
2021-09-13,1683.3,1628.3,-55.0,0,23.1,0.515,25.4,0.58,0.115,26.3,0.92,0.9,0.91,6,1.0,0.94,0,0.86,0.88
2021-09-14,1683.3,1648.6,-34.7,0,4.5,0.382,27.3,0.626,0.099,28.9,0.92,0.9,0.91,6,1.0,0.94,0,0.89,0.94
2021-09-15,1683.3,1588.1,-95.2,0,9.8,0.42,28.7,0.616,0.065,30.1,0.92,0.9,0.91,6,1.0,0.94,0,0.88,0.92
2021-09-16,1683.3,1660.7,-22.6,0,1.5,0.361,30.1,0.604,0.08,31.8,0.92,0.9,0.91,6,1.0,0.94,0,0.9,0.91
2021-09-17,1683.3,1725.3,42.0,0,1.0,0.357,31.9,0.627,0.039,33.7,0.92,0.9,0.91,6,1.0,0.94,0,0.9,0.94
2021-09-18,1683.3,675.8,-1007.5,1,69.1,0.844,31.4,0.604,0.235,30.7,0.92,0.9,0.91,6,1.0,0.94,2,0.61,0.91
2021-09-19,1683.3,1127.7,-555.6,1,39.2,0.63,20.3,0.575,0.135,20.7,0.92,0.9,0.91,5,0.83,0.94,0,0.67,0.95
2021-09-20,1683.3,945.9,-737.4,1,13.5,0.446,29.3,0.627,0.07,30.6,0.92,0.9,0.91,6,1.0,0.53,0,0.88,0.89
2021-09-21,1683.3,913.8,-769.5,1,4.4,0.381,24.8,0.599,0.074,26.4,0.92,0.45,0.69,5,0.83,0.94,1,0.89,0.92
2021-09-22,1683.3,1246.8,-436.5,1,2.0,0.364,29.5,0.567,0.07,31.1,0.92,0.9,0.91,4,0.67,0.94,0,0.9,0.93
2021-09-23,1683.3,1397.1,-286.2,1,2.9,0.371,30.6,0.624,0.068,32.2,0.92,0.9,0.91,5,0.83,0.94,0,0.9,0.89
2021-09-24,1683.3,1147.5,-535.8,1,34.3,0.595,26.9,0.609,0.105,27.4,0.44,0.9,0.67,5,0.83,0.94,0,0.68,0.93
2021-09-25,1683.3,596.2,-1087.1,1,45.1,0.672,29.7,0.602,0.176,29.8,0.92,0.9,0.91,5,0.83,0.94,2,0.66,0.91
2021-09-26,1683.3,894.6,-788.7,1,2.0,0.364,27.4,0.596,0.042,29.1,0.92,0.4,0.66,6,1.0,0.94,1,0.9,0.89
2021-09-27,1683.3,522.3,-1161.0,1,55.0,0.743,26.0,0.552,0.212,25.8,0.92,0.9,0.91,5,0.83,0.94,2,0.64,0.94
2021-09-28,1683.3,1299.1,-384.2,1,2.9,0.371,24.9,0.61,0.06,26.5,0.92,0.5,0.71,5,0.83,0.94,0,0.9,0.96
2021-09-29,1683.3,1156.1,-527.2,1,11.6,0.433,25.9,0.639,0.055,27.3,0.92,0.9,0.91,4,0.67,0.94,0,0.88,0.91
2021-09-30,1683.3,1261.0,-422.3,1,4.1,0.379,29.4,0.592,0.074,31.0,0.92,0.48,0.7,5,0.83,0.94,0,0.89,0.87
2021-10-01,1783.3,1798.1,14.8,0,0.0,0.12,22.9,0.276,-0.08,25.8,0.92,0.9,0.91,5,0.83,0.94,0,0.97,1.0
2021-10-02,1783.3,1765.7,-17.6,0,0.0,0.12,23.7,0.257,-0.034,26.6,0.92,0.9,0.91,6,1.0,0.94,0,0.97,0.91
2021-10-03,1783.3,1766.2,-17.1,0,0.0,0.12,25.2,0.243,-0.064,28.1,0.92,0.9,0.91,6,1.0,0.94,0,0.97,0.96
2021-10-04,1783.3,1272.6,-510.7,1,0.0,0.12,22.4,0.254,-0.033,25.3,0.92,0.9,0.91,4,0.67,0.94,0,0.97,0.93
2021-10-05,1783.3,1388.6,-394.7,1,0.0,0.12,24.0,0.241,-0.04,26.9,0.92,0.6,0.76,5,0.83,0.94,0,0.97,0.9
2021-10-06,1783.3,1648.0,-135.3,0,0.0,0.12,28.0,0.269,-0.077,30.9,0.92,0.9,0.91,6,1.0,0.94,0,0.97,0.88
2021-10-07,1783.3,847.3,-936.0,1,0.0,0.12,27.9,0.254,-0.069,30.8,0.46,0.48,0.47,6,1.0,0.94,0,0.97,0.86
2021-10-08,1783.3,1634.3,-149.0,0,0.0,0.12,25.3,0.257,-0.04,28.2,0.92,0.9,0.91,6,1.0,0.94,0,0.97,0.9
2021-10-09,1783.3,1589.8,-193.5,1,0.0,0.12,23.8,0.266,-0.044,26.7,0.92,0.9,0.91,6,1.0,0.94,0,0.97,0.88
2021-10-10,1783.3,1188.4,-594.9,1,0.0,0.12,24.4,0.249,-0.037,27.3,0.92,0.9,0.91,4,0.67,0.94,0,0.97,0.9
2021-10-11,1783.3,1176.0,-607.3,1,0.0,0.12,15.5,0.236,-0.038,20.0,0.92,0.9,0.91,6,1.0,0.62,0,0.97,0.85
2021-10-12,1783.3,1745.6,-37.7,0,0.0,0.12,15.1,0.251,-0.046,20.0,0.92,0.9,0.91,6,1.0,0.94,0,0.97,0.97
2021-10-13,1783.3,1269.6,-513.7,1,0.0,0.12,24.1,0.278,-0.038,27.0,0.4,0.9,0.65,5,0.83,0.94,0,0.97,0.94
2021-10-14,1783.3,1387.5,-395.8,1,0.5,0.122,32.8,0.219,-0.053,35.7,0.92,0.58,0.75,6,1.0,0.94,0,0.97,0.92
2021-10-15,1783.3,994.1,-789.2,1,0.0,0.12,21.9,0.261,-0.062,24.8,0.92,0.9,0.91,4,0.67,0.94,1,0.97,0.95
2021-10-16,1783.3,963.7,-819.6,1,0.0,0.12,19.5,0.249,-0.032,22.4,0.92,0.59,0.76,4,0.67,0.94,1,0.97,0.92
2021-10-17,1783.3,1590.0,-193.3,1,0.0,0.12,23.1,0.265,-0.076,26.0,0.92,0.9,0.91,5,0.83,0.94,0,0.97,0.96
2021-10-18,1783.3,1620.0,-163.3,1,0.0,0.12,26.0,0.223,-0.077,28.9,0.92,0.9,0.91,5,0.83,0.94,0,0.97,0.9
2021-10-19,1783.3,1693.7,-89.6,0,0.0,0.12,24.6,0.259,-0.026,27.5,0.92,0.9,0.91,6,1.0,0.94,0,0.97,0.92
2021-10-20,1783.3,1332.3,-451.0,1,0.0,0.12,28.3,0.211,-0.073,31.2,0.92,0.9,0.91,5,0.83,0.71,0,0.97,0.91
2021-10-21,1783.3,1341.2,-442.1,1,0.0,0.12,24.7,0.239,-0.035,27.6,0.62,0.9,0.76,5,0.83,0.94,0,0.97,0.9
2021-10-22,1783.3,1548.8,-234.5,1,0.0,0.12,23.8,0.238,-0.038,26.7,0.92,0.9,0.91,5,0.83,0.94,0,0.97,0.91
2021-10-23,1783.3,1531.7,-251.6,1,0.0,0.12,18.8,0.291,-0.065,21.7,0.92,0.9,0.91,5,0.83,0.94,0,0.97,0.9
2021-10-24,1783.3,1546.4,-236.9,1,0.0,0.12,20.6,0.278,-0.038,23.5,0.92,0.9,0.91,6,1.0,0.94,0,0.97,0.87
2021-10-25,1783.3,1251.9,-531.4,1,0.0,0.12,17.2,0.257,-0.02,20.1,0.92,0.9,0.91,5,0.83,0.67,0,0.97,0.91
2021-10-26,1783.3,1406.4,-376.9,1,0.0,0.12,24.6,0.241,-0.064,27.5,0.52,0.9,0.71,6,1.0,0.94,0,0.97,0.95
2021-10-27,1783.3,1682.4,-100.9,0,0.0,0.12,24.6,0.252,-0.056,27.5,0.92,0.9,0.91,6,1.0,0.94,0,0.97,0.93
2021-10-28,1783.3,1677.9,-105.4,0,0.0,0.12,25.3,0.241,-0.062,28.2,0.92,0.9,0.91,5,0.83,0.94,0,0.97,0.94
2021-10-29,1783.3,1196.2,-587.1,1,0.0,0.12,21.8,0.251,-0.056,24.7,0.92,0.37,0.64,4,0.67,0.94,0,0.97,0.92
2021-10-30,1783.3,1595.6,-187.7,1,0.0,0.12,23.6,0.285,-0.063,26.5,0.92,0.9,0.91,5,0.83,0.94,0,0.97,0.92
2021-10-31,1783.3,1215.1,-568.2,1,0.0,0.12,28.1,0.237,-0.046,31.0,0.45,0.9,0.67,6,1.0,0.94,0,0.97,0.86
2021-11-01,1783.3,1807.3,24.0,0,0.3,0.121,17.5,0.276,-0.072,20.4,0.92,0.9,0.91,5,0.83,0.94,0,0.97,0.97
2021-11-02,1783.3,1169.6,-613.7,1,0.0,0.12,24.2,0.253,-0.098,27.1,0.92,0.9,0.91,5,0.83,0.94,1,0.97,0.87
2021-11-03,1783.3,1613.2,-170.1,1,0.0,0.12,19.4,0.281,-0.033,22.3,0.92,0.9,0.91,5,0.83,0.94,0,0.97,0.96
2021-11-04,1783.3,1692.5,-90.8,0,0.0,0.12,32.1,0.197,-0.075,35.0,0.92,0.9,0.91,5,0.83,0.94,0,0.97,0.93
2021-11-05,1783.3,1622.1,-161.2,1,0.0,0.12,21.8,0.22,-0.046,24.7,0.92,0.9,0.91,6,1.0,0.94,0,0.97,0.94
2021-11-06,1783.3,1295.5,-487.8,1,0.0,0.12,23.1,0.24,-0.035,26.0,0.92,0.9,0.91,6,1.0,0.94,1,0.97,0.92
2021-11-07,1783.3,1481.2,-302.1,1,0.0,0.12,26.7,0.248,-0.074,29.6,0.92,0.62,0.77,5,0.83,0.94,0,0.97,0.92
2021-11-08,1783.3,1281.9,-501.4,1,0.0,0.12,33.3,0.265,-0.047,36.2,0.92,0.9,0.91,4,0.67,0.94,0,0.97,0.9
2021-11-09,1783.3,1629.5,-153.8,1,0.0,0.12,23.1,0.264,-0.054,26.0,0.92,0.9,0.91,6,1.0,0.94,0,0.97,0.88
2021-11-10,1783.3,1246.1,-537.2,1,0.3,0.122,16.9,0.239,-0.035,20.0,0.92,0.9,0.91,4,0.67,0.94,0,0.97,0.9
2021-11-11,1783.3,1755.1,-28.2,0,0.0,0.12,25.5,0.271,-0.065,28.4,0.92,0.9,0.91,6,1.0,0.94,0,0.97,0.97
2021-11-12,1783.3,1626.5,-156.8,1,0.0,0.12,21.5,0.247,-0.063,24.4,0.92,0.9,0.91,6,1.0,0.94,0,0.97,0.88
2021-11-13,1783.3,1579.2,-204.1,1,0.0,0.12,28.7,0.243,-0.016,31.6,0.92,0.9,0.91,6,1.0,0.94,0,0.97,0.87
2021-11-14,1783.3,1637.5,-145.8,0,0.0,0.12,17.2,0.274,-0.067,20.1,0.92,0.9,0.91,5,0.83,0.94,0,0.97,0.94
2021-11-15,1783.3,1079.0,-704.3,1,0.0,0.12,23.4,0.226,-0.008,26.3,0.45,0.9,0.67,5,0.83,0.94,0,0.97,0.87
2021-11-16,1783.3,1714.4,-68.9,0,0.0,0.12,25.1,0.24,-0.06,28.0,0.92,0.9,0.91,6,1.0,0.94,0,0.97,0.96
2021-11-17,1783.3,1627.1,-156.2,1,0.0,0.12,31.9,0.238,-0.079,34.8,0.92,0.9,0.91,6,1.0,0.94,0,0.97,0.92
2021-11-18,1783.3,1617.0,-166.3,1,0.0,0.12,20.0,0.254,-0.076,22.9,0.92,0.9,0.91,6,1.0,0.94,0,0.97,0.93
2021-11-19,1783.3,1725.8,-57.5,0,0.0,0.12,26.9,0.256,-0.044,29.8,0.92,0.9,0.91,6,1.0,0.94,0,0.97,0.92
2021-11-20,1783.3,1765.5,-17.8,0,0.6,0.123,25.5,0.254,-0.051,28.4,0.92,0.9,0.91,6,1.0,0.94,0,0.97,0.98
2021-11-21,1783.3,1557.3,-226.0,1,0.0,0.12,23.0,0.238,-0.049,25.9,0.92,0.9,0.91,5,0.83,0.94,0,0.97,0.86
2021-11-22,1783.3,1653.3,-130.0,0,0.0,0.12,21.9,0.237,-0.034,24.8,0.92,0.9,0.91,5,0.83,0.94,0,0.97,0.97
2021-11-23,1783.3,1257.0,-526.3,1,0.0,0.12,22.6,0.25,-0.049,25.5,0.92,0.9,0.91,4,0.67,0.94,0,0.97,0.93
2021-11-24,1783.3,1272.8,-510.5,1,0.0,0.12,21.2,0.259,-0.078,24.1,0.92,0.39,0.66,5,0.83,0.94,0,0.97,0.94
2021-11-25,1783.3,1215.0,-568.3,1,0.0,0.12,27.0,0.283,-0.048,29.9,0.92,0.9,0.91,4,0.67,0.94,0,0.97,0.94
2021-11-26,1783.3,1096.3,-687.0,1,0.0,0.12,21.8,0.227,-0.077,24.7,0.92,0.9,0.91,6,1.0,0.59,0,0.97,0.91
2021-11-27,1783.3,1335.4,-447.9,1,0.0,0.12,27.3,0.267,-0.043,30.2,0.92,0.9,0.91,4,0.67,0.94,0,0.97,0.95
2021-11-28,1783.3,1710.2,-73.1,0,0.0,0.12,27.3,0.253,-0.071,30.2,0.92,0.9,0.91,6,1.0,0.94,0,0.97,0.89
2021-11-29,1783.3,1436.7,-346.6,1,0.0,0.12,27.6,0.232,-0.09,30.5,0.92,0.9,0.91,5,0.83,0.74,0,0.97,0.93
2021-11-30,1783.3,1326.7,-456.6,1,0.0,0.12,29.3,0.264,-0.054,32.2,0.92,0.9,0.91,5,0.83,0.94,1,0.97,0.92
2021-12-01,1783.3,1228.0,-555.3,1,0.0,0.12,26.0,0.253,-0.062,28.9,0.92,0.9,0.91,4,0.67,0.94,0,0.97,0.88
2021-12-02,1783.3,1571.5,-211.8,1,0.0,0.12,26.7,0.283,-0.071,29.6,0.92,0.9,0.91,5,0.83,0.94,0,0.97,0.9
2021-12-03,1783.3,1573.6,-209.7,1,3.2,0.136,24.2,0.256,-0.029,27.0,0.92,0.9,0.91,6,1.0,0.94,0,0.96,0.85
2021-12-04,1783.3,1440.0,-343.3,1,0.0,0.12,26.3,0.231,-0.045,29.2,0.92,0.9,0.91,5,0.83,0.94,0,0.97,0.83
2021-12-05,1783.3,1622.7,-160.6,1,0.0,0.12,22.3,0.235,-0.057,25.2,0.92,0.9,0.91,5,0.83,0.94,0,0.97,0.94
2021-12-06,1783.3,1748.4,-34.9,0,0.0,0.12,24.9,0.273,-0.047,27.8,0.92,0.9,0.91,5,0.83,0.94,0,0.97,1.0
2021-12-07,1783.3,1205.3,-578.0,1,0.0,0.12,20.7,0.253,-0.069,23.6,0.44,0.9,0.67,6,1.0,0.94,0,0.97,0.88
2021-12-08,1783.3,1159.0,-624.3,1,0.0,0.12,23.5,0.194,-0.048,26.4,0.92,0.9,0.91,4,0.67,0.94,0,0.97,0.85
2021-12-09,1783.3,1637.5,-145.8,0,0.0,0.12,24.3,0.253,-0.111,27.2,0.92,0.9,0.91,6,1.0,0.94,0,0.97,0.85
2021-12-10,1783.3,1747.1,-36.2,0,0.0,0.12,22.5,0.265,-0.033,25.4,0.92,0.9,0.91,6,1.0,0.94,0,0.97,0.96
2021-12-11,1783.3,1456.4,-326.9,1,0.0,0.12,22.5,0.238,-0.051,25.4,0.92,0.9,0.91,5,0.83,0.94,0,0.97,0.85
2021-12-12,1783.3,1593.9,-189.4,1,0.0,0.12,25.2,0.243,-0.074,28.1,0.92,0.9,0.91,6,1.0,0.94,0,0.97,0.87
2021-12-13,1783.3,1646.8,-136.5,0,0.0,0.12,19.9,0.215,-0.045,22.8,0.92,0.9,0.91,5,0.83,0.94,0,0.97,0.89
2021-12-14,1783.3,1558.9,-224.4,1,0.0,0.12,19.8,0.251,-0.033,22.7,0.92,0.9,0.91,5,0.83,0.94,0,0.97,0.91
2021-12-15,1783.3,1166.2,-617.1,1,0.2,0.121,30.0,0.239,-0.048,32.9,0.42,0.9,0.66,6,1.0,0.94,0,0.97,0.94
2021-12-16,1783.3,1778.4,-4.9,0,0.0,0.12,30.9,0.243,-0.065,33.8,0.92,0.9,0.91,5,0.83,0.94,0,0.97,1.0
2021-12-17,1783.3,1519.6,-263.7,1,0.4,0.122,27.1,0.227,-0.062,30.0,0.92,0.9,0.91,5,0.83,0.94,0,0.97,0.89
2021-12-18,1783.3,1725.9,-57.4,0,0.0,0.12,27.9,0.241,-0.059,30.8,0.92,0.9,0.91,5,0.83,0.94,0,0.97,0.98
2021-12-19,1783.3,1692.6,-90.7,0,0.0,0.12,15.9,0.268,-0.037,20.0,0.92,0.9,0.91,6,1.0,0.94,0,0.97,0.92
2021-12-20,1783.3,1611.6,-171.7,1,0.0,0.12,24.4,0.262,-0.053,27.3,0.92,0.9,0.91,5,0.83,0.94,0,0.97,0.91
2021-12-21,1783.3,1674.0,-109.3,0,3.7,0.138,28.5,0.305,-0.083,31.3,0.92,0.9,0.91,5,0.83,0.94,0,0.96,0.97
2021-12-22,1783.3,1466.1,-317.2,1,0.0,0.12,26.1,0.255,-0.015,29.0,0.92,0.59,0.76,6,1.0,0.94,0,0.97,0.93
2021-12-23,1783.3,1853.5,70.2,0,0.0,0.12,25.4,0.261,-0.042,28.3,0.92,0.9,0.91,6,1.0,0.94,0,0.97,0.98
2021-12-24,1783.3,1388.6,-394.7,1,0.0,0.12,23.5,0.269,-0.039,26.4,0.92,0.9,0.91,5,0.83,0.73,0,0.97,0.88
2021-12-25,1783.3,1658.2,-125.1,0,0.0,0.12,24.2,0.244,-0.042,27.1,0.92,0.9,0.91,6,1.0,0.94,0,0.97,0.9
2021-12-26,1783.3,1593.8,-189.5,1,0.0,0.12,28.1,0.277,-0.026,31.0,0.92,0.9,0.91,6,1.0,0.94,0,0.97,0.84
2021-12-27,1783.3,1389.1,-394.2,1,0.0,0.12,25.0,0.244,-0.041,27.9,0.62,0.9,0.76,6,1.0,0.94,0,0.97,0.89
2021-12-28,1783.3,1337.1,-446.2,1,0.0,0.12,21.1,0.254,-0.051,24.0,0.92,0.9,0.91,4,0.67,0.94,0,0.97,0.94
2021-12-29,1783.3,1637.7,-145.6,0,0.0,0.12,27.9,0.266,-0.035,30.8,0.92,0.9,0.91,5,0.83,0.94,0,0.97,0.93
2021-12-30,1783.3,1597.5,-185.8,1,0.0,0.12,25.7,0.258,-0.082,28.6,0.92,0.9,0.91,6,1.0,0.94,0,0.97,0.85
2021-12-31,1783.3,1293.0,-490.3,1,0.0,0.12,18.9,0.249,-0.057,21.8,0.92,0.9,0.91,5,0.83,0.65,0,0.97,0.88
2022-01-01,1783.3,1570.1,-213.2,1,0.0,0.12,24.0,0.232,-0.085,26.9,0.92,0.9,0.91,6,1.0,0.94,0,0.97,0.9
2022-01-02,1783.3,1566.0,-217.3,1,0.0,0.12,27.4,0.265,-0.052,30.3,0.92,0.9,0.91,5,0.83,0.94,0,0.97,0.91
2022-01-03,1783.3,1714.6,-68.7,0,0.0,0.12,25.1,0.292,-0.014,28.0,0.92,0.9,0.91,5,0.83,0.94,0,0.97,0.99
2022-01-04,1783.3,1679.0,-104.3,0,0.0,0.12,21.3,0.272,-0.053,24.2,0.92,0.9,0.91,6,1.0,0.94,0,0.97,0.92
2022-01-05,1783.3,1534.4,-248.9,1,0.0,0.12,29.3,0.247,-0.027,32.2,0.92,0.9,0.91,6,1.0,0.94,0,0.97,0.89
2022-01-06,1783.3,1174.0,-609.3,1,3.6,0.138,28.0,0.267,-0.049,30.8,0.92,0.4,0.66,6,1.0,0.94,0,0.96,0.9
2022-01-07,1783.3,1649.1,-134.2,0,0.0,0.12,21.3,0.272,-0.048,24.2,0.92,0.9,0.91,5,0.83,0.94,0,0.97,0.95
2022-01-08,1783.3,1351.3,-432.0,1,0.0,0.12,25.4,0.258,-0.05,28.3,0.92,0.9,0.91,6,1.0,0.94,1,0.97,0.96
2022-01-09,1783.3,1663.5,-119.8,0,0.0,0.12,23.0,0.23,-0.045,25.9,0.92,0.9,0.91,6,1.0,0.94,0,0.97,0.89
2022-01-10,1783.3,1606.1,-177.2,1,0.0,0.12,29.7,0.267,-0.048,32.6,0.92,0.9,0.91,6,1.0,0.94,0,0.97,0.9
2022-01-11,1783.3,1687.4,-95.9,0,0.0,0.12,24.0,0.256,-0.03,26.9,0.92,0.9,0.91,6,1.0,0.94,0,0.97,0.91
2022-01-12,1783.3,1618.1,-165.2,1,0.0,0.12,28.9,0.23,-0.082,31.8,0.92,0.9,0.91,5,0.83,0.94,0,0.97,0.93
2022-01-13,1783.3,1474.9,-308.4,1,0.0,0.12,19.8,0.272,-0.052,22.7,0.92,0.9,0.91,5,0.83,0.94,0,0.97,0.85
2022-01-14,1783.3,1581.7,-201.6,1,0.3,0.121,21.3,0.247,-0.042,24.2,0.92,0.9,0.91,6,1.0,0.94,0,0.97,0.92
2022-01-15,1783.3,1700.7,-82.6,0,0.0,0.12,25.0,0.225,-0.068,27.9,0.92,0.9,0.91,5,0.83,0.94,0,0.97,0.98
2022-01-16,1783.3,1735.8,-47.5,0,0.0,0.12,24.3,0.249,-0.025,27.2,0.92,0.9,0.91,6,1.0,0.94,0,0.97,0.97
2022-01-17,1783.3,1180.2,-603.1,1,4.3,0.142,31.3,0.279,-0.055,34.1,0.92,0.9,0.91,4,0.67,0.69,0,0.96,0.84
2022-01-18,1783.3,1636.9,-146.4,0,0.0,0.12,31.0,0.25,-0.046,33.9,0.92,0.9,0.91,5,0.83,0.94,0,0.97,0.93
2022-01-19,1783.3,1749.5,-33.8,0,0.0,0.12,19.4,0.235,-0.05,22.3,0.92,0.9,0.91,5,0.83,0.94,0,0.97,0.96
2022-01-20,1783.3,1219.2,-564.1,1,0.0,0.12,19.6,0.255,-0.071,22.5,0.92,0.45,0.69,6,1.0,0.94,0,0.97,0.9
2022-01-21,1783.3,1150.7,-632.6,1,0.0,0.12,26.5,0.223,-0.04,29.4,0.92,0.41,0.66,4,0.67,0.94,0,0.97,0.85
2022-01-22,1783.3,1604.7,-178.6,1,0.0,0.12,22.6,0.233,-0.024,25.5,0.92,0.9,0.91,5,0.83,0.94,0,0.97,0.9
2022-01-23,1783.3,1729.4,-53.9,0,0.0,0.12,25.1,0.249,-0.041,28.0,0.92,0.9,0.91,6,1.0,0.94,0,0.97,0.94
2022-01-24,1783.3,1389.9,-393.4,1,0.0,0.12,18.8,0.27,-0.066,21.7,0.92,0.9,0.91,6,1.0,0.94,1,0.97,1.0
2022-01-25,1783.3,1274.9,-508.4,1,0.0,0.12,23.8,0.253,-0.041,26.7,0.56,0.9,0.73,5,0.83,0.94,0,0.97,0.9
2022-01-26,1783.3,1214.4,-568.9,1,0.0,0.12,21.5,0.259,-0.057,24.4,0.92,0.9,0.91,5,0.83,0.94,1,0.97,0.93
2022-01-27,1783.3,1614.9,-168.4,1,4.1,0.141,20.4,0.261,-0.045,23.2,0.92,0.9,0.91,6,1.0,0.94,0,0.96,0.91
2022-01-28,1783.3,1626.9,-156.4,1,2.5,0.133,24.0,0.278,-0.08,26.9,0.92,0.9,0.91,6,1.0,0.94,0,0.96,0.91
2022-01-29,1783.3,1673.9,-109.4,0,0.0,0.12,17.5,0.257,-0.038,20.4,0.92,0.9,0.91,6,1.0,0.94,0,0.97,0.93
2022-01-30,1783.3,1633.5,-149.8,0,0.0,0.12,22.4,0.224,-0.059,25.3,0.92,0.9,0.91,6,1.0,0.94,0,0.97,0.88
2022-01-31,1783.3,1629.2,-154.1,1,0.0,0.12,25.6,0.209,-0.025,28.5,0.92,0.9,0.91,5,0.83,0.94,0,0.97,0.94
2022-02-01,1783.3,1748.5,-34.8,0,0.0,0.12,25.5,0.241,-0.028,28.4,0.92,0.9,0.91,6,1.0,0.94,0,0.97,0.97
2022-02-02,1783.3,1572.7,-210.6,1,0.0,0.12,22.0,0.256,-0.052,24.9,0.92,0.9,0.91,5,0.83,0.94,0,0.97,0.9
2022-02-03,1783.3,1751.5,-31.8,0,0.0,0.12,29.0,0.239,-0.09,31.9,0.92,0.9,0.91,5,0.83,0.94,0,0.97,1.0
2022-02-04,1783.3,1636.1,-147.2,0,0.0,0.12,27.6,0.228,-0.051,30.5,0.92,0.9,0.91,6,1.0,0.94,0,0.97,0.9
2022-02-05,1783.3,1667.3,-116.0,0,0.0,0.12,21.0,0.242,-0.029,23.9,0.92,0.9,0.91,5,0.83,0.94,0,0.97,0.93
2022-02-06,1783.3,1572.6,-210.7,1,0.0,0.12,27.8,0.256,-0.041,30.7,0.92,0.9,0.91,5,0.83,0.94,0,0.97,0.9
2022-02-07,1783.3,1644.2,-139.1,0,0.0,0.12,18.7,0.257,-0.073,21.6,0.92,0.9,0.91,6,1.0,0.94,0,0.97,0.88
2022-02-08,1783.3,1844.5,61.2,0,0.0,0.12,22.6,0.246,-0.028,25.5,0.92,0.9,0.91,6,1.0,0.94,0,0.97,0.99
2022-02-09,1783.3,1574.8,-208.5,1,0.0,0.12,21.8,0.227,-0.09,24.7,0.92,0.9,0.91,5,0.83,0.94,0,0.97,0.92
2022-02-10,1783.3,1300.0,-483.3,1,0.0,0.12,22.3,0.255,-0.064,25.2,0.92,0.9,0.91,4,0.67,0.94,0,0.97,0.95
2022-02-11,1783.3,1252.0,-531.3,1,0.0,0.12,25.5,0.257,-0.067,28.4,0.92,0.9,0.91,5,0.83,0.94,1,0.97,0.96
2022-02-12,1783.3,1303.3,-480.0,1,0.0,0.12,22.8,0.261,-0.041,25.7,0.92,0.9,0.91,5,0.83,0.94,1,0.97,0.93
2022-02-13,1783.3,1725.7,-57.6,0,0.0,0.12,24.5,0.246,-0.074,27.4,0.92,0.9,0.91,5,0.83,0.94,0,0.97,1.0
2022-02-14,1783.3,1575.7,-207.6,1,0.0,0.12,25.5,0.276,-0.025,28.4,0.92,0.9,0.91,6,1.0,0.94,0,0.97,0.89
2022-02-15,1783.3,1701.7,-81.6,0,2.1,0.13,24.4,0.293,0.001,27.2,0.92,0.9,0.91,5,0.83,0.94,0,0.96,1.0
2022-02-16,1783.3,1397.1,-386.2,1,0.0,0.12,17.3,0.234,-0.066,20.2,0.92,0.58,0.75,4,0.67,0.94,0,0.97,0.94
2022-02-17,1783.3,1264.7,-518.6,1,0.0,0.12,25.3,0.242,-0.066,28.2,0.92,0.5,0.71,4,0.67,0.94,0,0.97,0.94
2022-02-18,1783.3,1198.2,-585.1,1,0.0,0.12,25.5,0.245,-0.078,28.4,0.92,0.41,0.67,5,0.83,0.94,0,0.97,0.92
2022-02-19,1783.3,1524.6,-258.7,1,0.0,0.12,26.5,0.236,-0.051,29.4,0.92,0.9,0.91,5,0.83,0.94,0,0.97,0.91
2022-02-20,1783.3,1306.0,-477.3,1,0.0,0.12,19.8,0.237,-0.057,22.7,0.92,0.9,0.91,6,1.0,0.74,0,0.97,0.88
2022-02-21,1783.3,1629.3,-154.0,1,0.0,0.12,19.6,0.259,-0.041,22.5,0.92,0.9,0.91,5,0.83,0.94,0,0.97,0.9
2022-02-22,1783.3,1609.8,-173.5,1,0.0,0.12,23.8,0.267,-0.025,26.7,0.92,0.9,0.91,5,0.83,0.94,0,0.97,0.91
2022-02-23,1783.3,1389.0,-394.3,1,0.0,0.12,24.7,0.247,-0.036,27.6,0.92,0.9,0.91,6,1.0,0.94,1,0.97,1.0
2022-02-24,1783.3,1214.8,-568.5,1,0.0,0.12,28.9,0.257,-0.058,31.8,0.92,0.9,0.91,4,0.67,0.94,0,0.97,0.83
2022-02-25,1783.3,1581.5,-201.8,1,0.0,0.12,22.9,0.289,-0.024,25.8,0.92,0.9,0.91,5,0.83,0.94,0,0.97,0.91
2022-02-26,1783.3,1767.4,-15.9,0,0.0,0.12,25.6,0.252,-0.071,28.5,0.92,0.9,0.91,5,0.83,0.94,0,0.97,1.0
2022-02-27,1783.3,1401.2,-382.1,1,0.0,0.12,23.3,0.249,-0.049,26.2,0.53,0.9,0.71,5,0.83,0.94,0,0.97,0.96
2022-02-28,1783.3,1648.0,-135.3,0,0.0,0.12,30.0,0.25,-0.067,32.9,0.92,0.9,0.91,5,0.83,0.94,0,0.97,0.97
2022-03-01,1783.3,1320.2,-463.1,1,4.2,0.141,24.5,0.256,-0.049,27.3,0.92,0.9,0.91,4,0.67,0.94,0,0.96,0.93
2022-03-02,1783.3,1711.9,-71.4,0,0.0,0.12,32.2,0.258,-0.046,35.1,0.92,0.9,0.91,6,1.0,0.94,0,0.97,0.95
2022-03-03,1783.3,1609.5,-173.8,1,0.0,0.12,28.9,0.238,-0.053,31.8,0.92,0.9,0.91,5,0.83,0.94,0,0.97,0.89
2022-03-04,1783.3,1733.0,-50.3,0,0.0,0.12,17.9,0.24,-0.054,20.8,0.92,0.9,0.91,5,0.83,0.94,0,0.97,0.98
2022-03-05,1783.3,1551.7,-231.6,1,0.0,0.12,27.5,0.285,-0.077,30.4,0.92,0.9,0.91,5,0.83,0.94,0,0.97,0.91
2022-03-06,1783.3,1299.1,-484.2,1,0.0,0.12,26.0,0.258,-0.038,28.9,0.52,0.9,0.71,6,1.0,0.94,0,0.97,0.93
2022-03-07,1783.3,1797.0,13.7,0,3.8,0.139,23.4,0.246,-0.08,26.2,0.92,0.9,0.91,6,1.0,0.94,0,0.96,0.94
2022-03-08,1783.3,1706.4,-76.9,0,0.0,0.12,13.4,0.236,-0.07,20.0,0.92,0.9,0.91,6,1.0,0.94,0,0.97,0.92
2022-03-09,1783.3,1601.8,-181.5,1,0.0,0.12,19.7,0.255,-0.02,22.6,0.92,0.9,0.91,5,0.83,0.94,0,0.97,0.9
2022-03-10,1783.3,1611.4,-171.9,1,0.0,0.12,20.2,0.238,-0.043,23.1,0.92,0.9,0.91,5,0.83,0.94,0,0.97,0.92
2022-03-11,1783.3,1224.2,-559.1,1,0.0,0.12,27.0,0.243,-0.036,29.9,0.92,0.9,0.91,5,0.83,0.94,1,0.97,0.91
2022-03-12,1783.3,1294.3,-489.0,1,0.4,0.122,17.0,0.251,-0.011,20.0,0.92,0.9,0.91,4,0.67,0.94,0,0.97,0.96
2022-03-13,1783.3,1579.5,-203.8,1,0.0,0.12,25.8,0.225,-0.05,28.7,0.92,0.9,0.91,5,0.83,0.94,0,0.97,0.92
2022-03-14,1783.3,1661.6,-121.7,0,0.0,0.12,22.1,0.253,-0.06,25.0,0.92,0.9,0.91,6,1.0,0.94,0,0.97,0.91
2022-03-15,1783.3,1784.4,1.1,0,0.0,0.12,22.0,0.253,-0.035,24.9,0.92,0.9,0.91,5,0.83,0.94,0,0.97,0.98
2022-03-16,1783.3,1563.8,-219.5,1,0.0,0.12,20.9,0.207,-0.035,23.8,0.92,0.9,0.91,5,0.83,0.94,0,0.97,0.94
2022-03-17,1783.3,1800.8,17.5,0,0.0,0.12,24.3,0.248,-0.08,27.2,0.92,0.9,0.91,6,1.0,0.94,0,0.97,0.95
2022-03-18,1783.3,1193.1,-590.2,1,1.3,0.127,25.2,0.215,-0.029,28.0,0.46,0.9,0.68,5,0.83,0.94,0,0.96,0.87
2022-03-19,1783.3,1618.7,-164.6,1,0.0,0.12,30.6,0.268,-0.065,33.5,0.92,0.9,0.91,5,0.83,0.94,0,0.97,0.92
2022-03-20,1783.3,1597.5,-185.8,1,0.0,0.12,25.5,0.284,-0.062,28.4,0.92,0.9,0.91,5,0.83,0.94,0,0.97,0.92
2022-03-21,1783.3,1585.0,-198.3,1,0.0,0.12,23.6,0.291,-0.072,26.5,0.92,0.9,0.91,5,0.83,0.94,0,0.97,0.91
2022-03-22,1783.3,1192.0,-591.3,1,3.4,0.137,28.4,0.232,-0.025,31.2,0.92,0.9,0.91,6,1.0,0.94,1,0.96,0.93
2022-03-23,1783.3,1471.7,-311.6,1,0.0,0.12,31.2,0.235,-0.055,34.1,0.92,0.9,0.91,5,0.83,0.94,0,0.97,0.89
2022-03-24,1783.3,1308.6,-474.7,1,0.0,0.12,23.6,0.24,-0.044,26.5,0.92,0.9,0.91,6,1.0,0.71,0,0.97,0.91
2022-03-25,1783.3,1240.7,-542.6,1,0.0,0.12,24.7,0.262,-0.046,27.6,0.92,0.9,0.91,4,0.67,0.94,0,0.97,0.98
2022-03-26,1783.3,1823.8,40.5,0,0.0,0.12,21.8,0.252,-0.042,24.7,0.92,0.9,0.91,6,1.0,0.94,0,0.97,1.0
2022-03-27,1783.3,1632.4,-150.9,1,0.0,0.12,23.7,0.259,-0.036,26.6,0.92,0.9,0.91,5,0.83,0.94,0,0.97,0.92
2022-03-28,1783.3,1646.6,-136.7,0,0.0,0.12,26.3,0.246,-0.029,29.2,0.92,0.9,0.91,5,0.83,0.94,0,0.97,0.93
2022-03-29,1783.3,1582.9,-200.4,1,0.0,0.12,23.1,0.251,-0.073,26.0,0.92,0.9,0.91,6,1.0,0.94,0,0.97,0.89
2022-03-30,1783.3,1551.7,-231.6,1,0.0,0.12,22.0,0.276,-0.091,24.9,0.92,0.9,0.91,5,0.83,0.94,0,0.97,0.88
2022-03-31,1783.3,1229.8,-553.5,1,0.0,0.12,27.2,0.238,-0.075,30.1,0.92,0.47,0.7,6,1.0,0.94,0,0.97,0.87
2022-04-01,1783.3,1587.9,-195.4,1,0.0,0.12,38.5,0.248,-0.051,41.4,0.92,0.9,0.91,5,0.83,0.94,0,0.97,0.91
2022-04-02,1783.3,1610.2,-173.1,1,0.0,0.12,37.9,0.228,-0.069,40.8,0.92,0.9,0.91,5,0.83,0.94,0,0.97,0.89
2022-04-03,1783.3,1618.6,-164.7,1,0.0,0.12,38.0,0.237,-0.088,40.9,0.92,0.9,0.91,5,0.83,0.94,0,0.97,0.9
2022-04-04,1783.3,1725.3,-58.0,0,7.5,0.157,34.0,0.265,-0.053,36.7,0.92,0.9,0.91,6,1.0,0.94,0,0.96,0.94
2022-04-05,1783.3,1866.6,83.3,0,0.0,0.12,30.2,0.255,-0.061,33.1,0.92,0.9,0.91,6,1.0,0.94,0,0.97,1.0
2022-04-06,1783.3,1300.7,-482.6,1,0.0,0.12,30.8,0.24,-0.069,33.7,0.92,0.9,0.91,4,0.67,0.94,0,0.97,0.91
2022-04-07,1783.3,1334.2,-449.1,1,0.0,0.12,35.3,0.241,-0.041,38.2,0.92,0.9,0.91,5,0.83,0.65,0,0.97,0.97
2022-04-08,1783.3,1525.8,-257.5,1,0.7,0.124,33.6,0.236,-0.072,36.4,0.92,0.9,0.91,6,1.0,0.94,0,0.97,0.87
2022-04-09,1783.3,1761.2,-22.1,0,0.0,0.12,36.7,0.243,-0.039,39.6,0.92,0.9,0.91,6,1.0,0.94,0,0.97,0.93
2022-04-10,1783.3,1699.8,-83.5,0,0.0,0.12,41.5,0.232,-0.07,44.4,0.92,0.9,0.91,6,1.0,0.94,0,0.97,1.0
2022-04-11,1783.3,1614.7,-168.6,1,0.0,0.12,33.8,0.264,-0.07,36.7,0.92,0.9,0.91,5,0.83,0.94,0,0.97,0.96
2022-04-12,1783.3,1562.6,-220.7,1,0.0,0.12,30.9,0.246,-0.062,33.8,0.92,0.9,0.91,6,1.0,0.94,0,0.97,0.91
2022-04-13,1783.3,1734.9,-48.4,0,0.0,0.12,34.9,0.304,-0.063,37.8,0.92,0.9,0.91,6,1.0,0.94,0,0.97,0.94
2022-04-14,1783.3,1742.8,-40.5,0,0.0,0.12,34.7,0.254,-0.068,37.6,0.92,0.9,0.91,6,1.0,0.94,0,0.97,0.93
2022-04-15,1783.3,1662.3,-121.0,0,1.8,0.129,40.7,0.249,-0.03,43.6,0.92,0.9,0.91,5,0.83,0.94,0,0.96,0.95
2022-04-16,1783.3,1633.1,-150.2,1,0.0,0.12,36.4,0.264,-0.065,39.3,0.92,0.9,0.91,6,1.0,0.94,0,0.97,0.92
2022-04-17,1783.3,1208.7,-574.6,1,0.0,0.12,44.5,0.214,-0.047,47.4,0.92,0.9,0.91,4,0.67,0.94,0,0.97,0.8
2022-04-18,1783.3,1608.1,-175.2,1,0.0,0.12,35.0,0.233,-0.009,37.9,0.92,0.9,0.91,5,0.83,0.94,0,0.97,0.89
2022-04-19,1783.3,1445.9,-337.4,1,0.0,0.12,37.2,0.281,-0.004,40.1,0.92,0.62,0.77,6,1.0,0.94,0,0.97,0.94
2022-04-20,1783.3,1168.6,-614.7,1,0.0,0.12,38.1,0.263,-0.045,41.0,0.92,0.9,0.91,5,0.83,0.94,1,0.97,0.88
2022-04-21,1783.3,1117.0,-666.3,1,0.0,0.12,42.7,0.249,-0.094,45.6,0.92,0.9,0.91,4,0.67,0.94,0,0.97,0.85
2022-04-22,1783.3,1653.9,-129.4,0,0.0,0.12,37.5,0.294,-0.043,40.4,0.92,0.9,0.91,5,0.83,0.94,0,0.97,0.96
2022-04-23,1783.3,1691.7,-91.6,0,0.0,0.12,39.1,0.252,-0.065,42.0,0.92,0.9,0.91,6,1.0,0.94,0,0.97,0.94
2022-04-24,1783.3,1609.7,-173.6,1,0.0,0.12,35.9,0.207,-0.091,38.8,0.92,0.9,0.91,5,0.83,0.94,0,0.97,0.89
2022-04-25,1783.3,1195.0,-588.3,1,0.0,0.12,37.0,0.248,-0.041,39.9,0.92,0.9,0.91,4,0.67,0.94,0,0.97,0.89
2022-04-26,1783.3,1254.3,-529.0,1,0.0,0.12,34.2,0.266,-0.077,37.1,0.57,0.9,0.74,4,0.67,0.94,0,0.97,0.91
2022-04-27,1783.3,1728.8,-54.5,0,0.0,0.12,34.9,0.25,-0.083,37.8,0.92,0.9,0.91,6,1.0,0.94,0,0.97,0.93
2022-04-28,1783.3,1124.1,-659.2,1,0.0,0.12,33.9,0.246,-0.04,36.8,0.92,0.9,0.91,5,0.83,0.94,1,0.97,0.91
2022-04-29,1783.3,1653.6,-129.7,0,0.0,0.12,35.4,0.249,-0.048,38.3,0.92,0.9,0.91,5,0.83,0.94,0,0.97,0.94
2022-04-30,1783.3,1089.5,-693.8,1,0.8,0.124,38.2,0.249,-0.064,41.0,0.92,0.9,0.91,6,1.0,0.6,0,0.97,0.9
2022-05-01,1783.3,1710.1,-73.2,0,2.8,0.134,39.2,0.255,-0.013,42.1,0.92,0.9,0.91,5,0.83,0.94,0,0.96,0.96
2022-05-02,1783.3,1633.7,-149.6,0,0.0,0.12,35.9,0.255,-0.048,38.8,0.92,0.9,0.91,5,0.83,0.94,0,0.97,0.94
2022-05-03,1783.3,1296.0,-487.3,1,0.0,0.12,31.9,0.253,-0.068,34.8,0.92,0.52,0.72,5,0.83,0.94,0,0.97,0.87
2022-05-04,1783.3,1838.3,55.0,0,0.0,0.12,28.3,0.232,-0.074,31.2,0.92,0.9,0.91,6,1.0,0.94,0,0.97,0.99
2022-05-05,1783.3,1696.3,-87.0,0,0.0,0.12,34.1,0.252,-0.036,37.0,0.92,0.9,0.91,6,1.0,0.94,0,0.97,0.91
2022-05-06,1783.3,1268.6,-514.7,1,0.0,0.12,35.8,0.255,-0.065,38.7,0.92,0.9,0.91,4,0.67,0.94,0,0.97,0.92
2022-05-07,1783.3,1732.7,-50.6,0,0.0,0.12,41.9,0.243,-0.089,44.8,0.92,0.9,0.91,6,1.0,0.94,0,0.97,0.97
2022-05-08,1783.3,1236.4,-546.9,1,0.0,0.12,37.2,0.246,-0.055,40.1,0.92,0.9,0.91,5,0.83,0.67,0,0.97,0.91
2022-05-09,1783.3,1509.7,-273.6,1,0.0,0.12,29.6,0.272,-0.056,32.5,0.92,0.9,0.91,5,0.83,0.94,0,0.97,0.86
2022-05-10,1783.3,777.2,-1006.1,1,0.0,0.12,39.0,0.24,-0.05,41.9,0.46,0.35,0.41,6,1.0,0.94,0,0.97,0.93
2022-05-11,1783.3,1629.3,-154.0,1,0.0,0.12,24.2,0.279,-0.059,27.1,0.92,0.9,0.91,6,1.0,0.94,0,0.97,0.9
2022-05-12,1783.3,1781.1,-2.2,0,0.0,0.12,39.6,0.248,-0.088,42.5,0.92,0.9,0.91,6,1.0,0.94,0,0.97,0.91
2022-05-13,1783.3,1600.5,-182.8,1,0.0,0.12,37.2,0.248,-0.054,40.1,0.92,0.9,0.91,5,0.83,0.94,0,0.97,0.91
2022-05-14,1783.3,1618.7,-164.6,1,0.0,0.12,43.3,0.252,-0.059,46.2,0.92,0.9,0.91,6,1.0,0.94,0,0.97,0.89
2022-05-15,1783.3,1474.3,-309.0,1,0.0,0.12,44.2,0.269,-0.112,47.1,0.92,0.9,0.91,5,0.83,0.94,0,0.97,0.84
2022-05-16,1783.3,1612.0,-171.3,1,0.5,0.122,34.1,0.274,-0.043,36.9,0.92,0.9,0.91,5,0.83,0.94,0,0.97,0.94
2022-05-17,1783.3,1308.6,-474.7,1,0.0,0.12,31.6,0.254,-0.042,34.5,0.65,0.9,0.78,6,1.0,0.94,0,0.97,0.84
2022-05-18,1783.3,1808.5,25.2,0,0.0,0.12,36.1,0.237,-0.041,39.0,0.92,0.9,0.91,5,0.83,0.94,0,0.97,0.99
2022-05-19,1783.3,1671.5,-111.8,0,0.0,0.12,37.5,0.208,-0.061,40.4,0.92,0.9,0.91,5,0.83,0.94,0,0.97,0.89
2022-05-20,1783.3,1062.5,-720.8,1,0.0,0.12,36.0,0.311,-0.034,38.9,0.92,0.9,0.91,6,1.0,0.73,1,0.97,0.93
2022-05-21,1783.3,1743.8,-39.5,0,0.2,0.121,31.5,0.214,-0.025,34.4,0.92,0.9,0.91,6,1.0,0.94,0,0.97,0.96
2022-05-22,1783.3,1623.8,-159.5,1,0.0,0.12,32.4,0.253,-0.014,35.3,0.92,0.9,0.91,5,0.83,0.94,0,0.97,0.97
2022-05-23,1783.3,1129.9,-653.4,1,0.0,0.12,35.9,0.253,-0.063,38.8,0.92,0.9,0.91,5,0.83,0.61,0,0.97,0.89
2022-05-24,1783.3,1647.4,-135.9,0,0.0,0.12,30.9,0.252,-0.046,33.8,0.92,0.9,0.91,6,1.0,0.94,0,0.97,0.91
2022-05-25,1783.3,1493.3,-290.0,1,0.0,0.12,31.4,0.232,-0.035,34.3,0.92,0.9,0.91,5,0.83,0.94,0,0.97,0.83
2022-05-26,1783.3,1423.8,-359.5,1,0.0,0.12,20.1,0.275,-0.04,23.0,0.92,0.9,0.91,6,1.0,0.72,0,0.97,0.95
2022-05-27,1783.3,1084.9,-698.4,1,0.0,0.12,37.7,0.268,-0.056,40.6,0.92,0.31,0.61,6,1.0,0.94,0,0.97,0.9
2022-05-28,1783.3,1492.8,-290.5,1,0.0,0.12,41.2,0.253,-0.064,44.1,0.92,0.9,0.91,6,1.0,0.94,0,0.97,0.87
2022-05-29,1783.3,1501.2,-282.1,1,0.0,0.12,31.2,0.271,-0.044,34.1,0.92,0.5,0.71,6,1.0,0.94,0,0.97,0.96
2022-05-30,1783.3,1648.5,-134.8,0,0.0,0.12,33.8,0.222,-0.051,36.7,0.92,0.9,0.91,6,1.0,0.94,0,0.97,0.91
2022-05-31,1783.3,1589.1,-194.2,1,0.0,0.12,36.6,0.282,-0.081,39.5,0.92,0.9,0.91,5,0.83,0.94,0,0.97,0.91
2022-06-01,1683.3,1025.1,-658.2,1,31.3,0.573,22.9,0.598,0.136,23.5,0.66,0.9,0.78,6,1.0,0.71,1,0.69,0.93
2022-06-02,1683.3,1487.9,-195.4,1,2.8,0.37,27.4,0.606,0.088,29.1,0.92,0.9,0.91,6,1.0,0.94,0,0.9,0.84
2022-06-03,1683.3,754.5,-928.8,1,64.2,0.808,27.2,0.586,0.214,26.7,0.92,0.9,0.91,5,0.83,0.94,1,0.62,0.94
2022-06-04,1683.3,1416.5,-266.8,1,9.8,0.42,32.0,0.625,0.056,33.4,0.92,0.9,0.91,5,0.83,0.94,0,0.88,0.88
2022-06-05,1683.3,1772.8,89.5,0,9.7,0.419,29.8,0.61,0.049,31.2,0.92,0.9,0.91,6,1.0,0.94,0,0.88,0.95
2022-06-06,1683.3,1620.1,-63.2,0,10.3,0.423,25.2,0.645,0.071,26.5,0.92,0.9,0.91,6,1.0,0.94,0,0.88,0.85
2022-06-07,1683.3,1303.8,-379.5,1,1.2,0.359,24.6,0.599,0.037,26.3,0.92,0.47,0.7,5,0.83,0.94,0,0.9,0.91
2022-06-08,1683.3,1126.2,-557.1,1,32.6,0.583,28.2,0.603,0.131,28.8,0.92,0.9,0.91,5,0.83,0.94,0,0.69,0.94
2022-06-09,1683.3,1389.9,-293.4,1,17.3,0.474,30.9,0.616,0.06,32.1,0.92,0.9,0.91,5,0.83,0.94,0,0.87,0.92
2022-06-10,1683.3,944.0,-739.3,1,10.2,0.423,27.8,0.589,0.075,29.2,0.92,0.9,0.91,4,0.67,0.94,0,0.88,0.86
2022-06-11,1683.3,1144.3,-539.0,1,7.5,0.403,30.6,0.572,0.096,32.1,0.92,0.9,0.91,4,0.67,0.94,0,0.89,0.91
2022-06-12,1683.3,1089.5,-593.8,1,1.8,0.363,26.8,0.591,0.04,28.5,0.92,0.9,0.91,4,0.67,0.94,0,0.9,0.87
2022-06-13,1683.3,1089.5,-593.8,1,2.9,0.371,26.3,0.618,0.057,27.9,0.44,0.9,0.67,4,0.67,0.94,0,0.9,0.89
2022-06-14,1683.3,1042.7,-640.6,1,31.9,0.578,30.7,0.562,0.104,31.3,0.92,0.9,0.91,5,0.83,0.94,0,0.69,0.85
2022-06-15,1683.3,1185.8,-497.5,1,2.6,0.369,24.9,0.613,0.037,26.6,0.92,0.34,0.63,4,0.67,0.94,0,0.9,0.91
2022-06-16,1683.3,1192.1,-491.2,1,13.4,0.445,33.3,0.621,0.081,34.6,0.92,0.32,0.62,4,0.67,0.94,0,0.88,0.93
2022-06-17,1683.3,1808.1,124.8,0,24.7,0.527,28.5,0.631,0.079,29.4,0.92,0.9,0.91,6,1.0,0.94,0,0.85,0.97
2022-06-18,1683.3,1683.5,0.2,0,1.2,0.358,25.1,0.563,0.039,26.8,0.92,0.9,0.91,6,1.0,0.94,0,0.9,0.91
2022-06-19,1683.3,1365.1,-318.2,1,31.4,0.575,30.6,0.647,0.147,31.2,0.92,0.9,0.91,6,1.0,0.94,0,0.69,0.89
2022-06-20,1683.3,1585.6,-97.7,0,4.4,0.381,29.5,0.591,0.056,31.0,0.92,0.9,0.91,6,1.0,0.94,0,0.89,0.89
2022-06-21,1683.3,1093.6,-589.7,1,40.9,0.642,28.4,0.627,0.179,28.7,0.92,0.9,0.91,5,0.83,0.94,0,0.67,0.92
2022-06-22,1683.3,1605.3,-78.0,0,4.9,0.385,28.9,0.605,0.06,30.5,0.92,0.9,0.91,6,1.0,0.94,0,0.89,0.88
2022-06-23,1683.3,1340.0,-343.3,1,19.5,0.489,24.8,0.617,0.084,25.8,0.92,0.9,0.91,5,0.83,0.94,0,0.86,0.86
2022-06-24,1683.3,829.7,-853.6,1,43.2,0.658,28.5,0.598,0.141,28.7,0.92,0.9,0.91,4,0.67,0.94,0,0.67,0.87
2022-06-25,1683.3,1645.5,-37.8,0,0.4,0.353,29.6,0.644,0.054,31.3,0.92,0.9,0.91,6,1.0,0.94,0,0.9,0.9
2022-06-26,1683.3,1163.1,-520.2,1,9.6,0.418,24.9,0.567,0.066,26.3,0.47,0.9,0.69,5,0.83,0.94,0,0.88,0.85
2022-06-27,1683.3,1619.6,-63.7,0,0.9,0.356,32.9,0.592,0.013,34.6,0.92,0.9,0.91,5,0.83,0.94,0,0.9,0.97
2022-06-28,1683.3,1529.6,-153.7,1,5.4,0.389,27.0,0.597,0.084,28.5,0.92,0.9,0.91,5,0.83,0.94,0,0.89,1.0
2022-06-29,1683.3,1443.5,-239.8,1,0.2,0.351,20.4,0.634,0.015,22.2,0.92,0.9,0.91,5,0.83,0.94,0,0.9,0.89
2022-06-30,1683.3,1380.8,-302.5,1,12.4,0.439,23.8,0.606,0.058,25.1,0.92,0.9,0.91,6,1.0,0.66,0,0.88,0.97
2022-07-01,1683.3,1594.5,-88.8,0,2.7,0.369,29.2,0.593,0.067,30.9,0.92,0.9,0.91,6,1.0,0.94,0,0.9,0.89
2022-07-02,1683.3,1296.8,-386.5,1,2.8,0.37,24.8,0.589,0.038,26.4,0.92,0.52,0.72,6,1.0,0.94,0,0.9,0.94
2022-07-03,1683.3,1072.8,-610.5,1,3.8,0.377,31.5,0.554,0.047,33.1,0.92,0.9,0.91,4,0.67,0.94,0,0.89,0.83
2022-07-04,1683.3,1652.7,-30.6,0,21.6,0.504,30.0,0.607,0.108,31.0,0.92,0.9,0.91,6,1.0,0.94,0,0.86,0.93
2022-07-05,1683.3,1490.5,-192.8,1,10.5,0.425,29.5,0.554,0.101,30.9,0.92,0.9,0.91,5,0.83,0.94,0,0.88,0.96
2022-07-06,1683.3,368.4,-1314.9,1,89.9,0.95,23.2,0.631,0.289,22.0,0.92,0.9,0.91,5,0.83,0.94,3,0.58,0.99
2022-07-07,1683.3,1308.7,-374.6,1,7.4,0.403,26.5,0.598,0.045,28.0,0.92,0.9,0.91,5,0.83,0.94,0,0.89,0.85
2022-07-08,1683.3,300.0,-1383.3,1,110.1,0.95,27.3,0.611,0.247,26.1,0.92,0.9,0.91,5,0.83,0.94,3,0.58,0.95
2022-07-09,1683.3,1589.2,-94.1,0,25.8,0.534,31.2,0.594,0.094,32.1,0.92,0.9,0.91,6,1.0,0.94,0,0.85,0.85
2022-07-10,1683.3,1495.3,-188.0,1,3.7,0.377,23.5,0.61,0.019,25.1,0.92,0.9,0.91,5,0.83,0.94,0,0.89,0.91
2022-07-11,1683.3,1524.0,-159.3,1,10.3,0.423,35.2,0.629,0.016,36.6,0.92,0.9,0.91,5,0.83,0.94,0,0.88,0.97
2022-07-12,1683.3,1458.1,-225.2,1,14.9,0.457,24.2,0.565,0.085,25.5,0.92,0.9,0.91,5,0.83,0.94,0,0.87,0.9
2022-07-13,1683.3,1197.9,-485.4,1,1.9,0.364,32.9,0.619,0.022,34.6,0.92,0.9,0.91,4,0.67,0.94,0,0.9,0.94
2022-07-14,1683.3,1256.6,-426.7,1,20.4,0.496,32.6,0.611,0.121,33.6,0.6,0.54,0.57,5,0.83,0.94,0,0.86,0.94
2022-07-15,1683.3,1486.1,-197.2,1,10.9,0.428,31.3,0.611,0.068,32.6,0.92,0.9,0.91,5,0.83,0.94,0,0.88,0.92
2022-07-16,1683.3,1339.8,-343.5,1,0.7,0.355,26.3,0.58,0.056,28.0,0.92,0.9,0.91,6,1.0,0.94,1,0.9,0.97
2022-07-17,1683.3,1709.5,26.2,0,3.5,0.375,30.7,0.597,0.036,32.3,0.92,0.9,0.91,6,1.0,0.94,0,0.89,0.92
2022-07-18,1683.3,1243.1,-440.2,1,4.6,0.383,27.3,0.631,0.05,28.8,0.92,0.9,0.91,6,1.0,0.94,1,0.89,0.85
2022-07-19,1683.3,1081.1,-602.2,1,1.7,0.362,23.7,0.587,0.076,25.4,0.44,0.9,0.67,6,1.0,0.94,0,0.9,0.86
2022-07-20,1683.3,1532.6,-150.7,1,27.0,0.543,31.3,0.624,0.091,32.1,0.92,0.9,0.91,5,0.83,0.94,0,0.85,0.99
2022-07-21,1683.3,1596.3,-87.0,0,10.7,0.426,24.1,0.611,0.096,25.5,0.92,0.9,0.91,6,1.0,0.94,0,0.88,0.91
2022-07-22,1683.3,1273.9,-409.4,1,9.9,0.421,34.2,0.567,0.07,35.6,0.48,0.9,0.69,6,1.0,0.94,0,0.88,0.91
2022-07-23,1683.3,741.7,-941.6,1,64.3,0.809,28.5,0.587,0.222,28.0,0.92,0.9,0.91,5,0.83,0.94,1,0.62,0.87
2022-07-24,1683.3,1580.4,-102.9,0,3.2,0.373,27.6,0.608,0.064,29.3,0.92,0.9,0.91,6,1.0,0.94,0,0.9,0.87
2022-07-25,1683.3,1440.4,-242.9,1,2.3,0.367,25.0,0.621,0.033,26.6,0.92,0.9,0.91,5,0.83,0.94,0,0.9,0.89
2022-07-26,1683.3,1190.2,-493.1,1,38.1,0.622,22.4,0.55,0.161,22.8,0.92,0.32,0.62,6,1.0,0.94,0,0.68,0.94
2022-07-27,1683.3,1686.4,3.1,0,0.3,0.352,28.4,0.635,0.055,30.2,0.92,0.9,0.91,6,1.0,0.94,0,0.9,0.93
2022-07-28,1683.3,1602.7,-80.6,0,6.5,0.397,28.5,0.585,0.041,30.1,0.92,0.9,0.91,5,0.83,0.94,0,0.89,1.0
2022-07-29,1683.3,1406.7,-276.6,1,2.8,0.37,30.7,0.591,0.069,32.3,0.92,0.9,0.91,5,0.83,0.94,0,0.9,0.93
2022-07-30,1683.3,1740.3,57.0,0,1.2,0.359,31.3,0.563,0.039,33.0,0.92,0.9,0.91,6,1.0,0.94,0,0.9,0.94
2022-07-31,1683.3,1425.7,-257.6,1,4.1,0.379,27.7,0.611,0.025,29.3,0.92,0.9,0.91,5,0.83,0.94,0,0.89,0.88
2022-08-01,1683.3,1437.0,-246.3,1,0.7,0.355,29.2,0.604,0.022,30.9,0.92,0.9,0.91,5,0.83,0.94,0,0.9,0.91
2022-08-02,1683.3,1760.8,77.5,0,7.5,0.404,28.0,0.618,0.077,29.5,0.92,0.9,0.91,6,1.0,0.94,0,0.89,0.98
2022-08-03,1683.3,1555.7,-127.6,0,4.9,0.385,29.1,0.576,0.073,30.6,0.92,0.9,0.91,6,1.0,0.94,0,0.89,0.93
2022-08-04,1683.3,1346.4,-336.9,1,38.2,0.623,25.6,0.59,0.156,26.0,0.92,0.9,0.91,6,1.0,0.94,0,0.68,0.96
2022-08-05,1683.3,1216.6,-466.7,1,28.5,0.553,29.1,0.567,0.088,29.8,0.43,0.9,0.67,5,0.83,0.94,0,0.85,0.9
2022-08-06,1683.3,1165.9,-517.4,1,8.4,0.41,25.2,0.592,0.033,26.6,0.92,0.9,0.91,4,0.67,0.94,0,0.89,0.93
2022-08-07,1683.3,898.6,-784.7,1,39.2,0.63,32.2,0.614,0.153,32.5,0.92,0.9,0.91,4,0.67,0.94,0,0.67,0.97
2022-08-08,1683.3,1392.0,-291.3,1,4.6,0.383,28.7,0.592,0.037,30.3,0.92,0.9,0.91,5,0.83,0.94,0,0.89,0.92
2022-08-09,1683.3,1578.6,-104.7,0,11.6,0.433,28.2,0.616,0.079,29.6,0.92,0.9,0.91,5,0.83,0.94,0,0.88,0.99
2022-08-10,1683.3,1177.1,-506.2,1,27.5,0.546,32.9,0.619,0.087,33.6,0.92,0.51,0.72,6,1.0,0.94,0,0.85,0.87
2022-08-11,1683.3,1215.9,-467.4,1,0.6,0.354,29.5,0.62,0.034,31.2,0.92,0.51,0.72,4,0.67,0.94,0,0.9,0.93
2022-08-12,1683.3,1400.8,-282.5,1,20.9,0.499,29.3,0.633,0.101,30.3,0.69,0.9,0.8,5,0.83,0.94,0,0.86,0.92
2022-08-13,1683.3,1470.1,-213.2,1,22.3,0.509,24.1,0.605,0.152,25.0,0.92,0.9,0.91,5,0.83,0.94,0,0.86,0.93
2022-08-14,1683.3,1131.1,-552.2,1,2.6,0.369,31.0,0.654,0.07,32.7,0.92,0.34,0.63,6,1.0,0.94,0,0.9,0.86
2022-08-15,1683.3,1737.4,54.1,0,2.1,0.365,20.6,0.572,0.028,22.3,0.92,0.9,0.91,6,1.0,0.94,0,0.9,0.94
2022-08-16,1683.3,1715.8,32.5,0,3.0,0.372,27.9,0.614,0.084,29.6,0.92,0.9,0.91,6,1.0,0.94,0,0.9,0.96
2022-08-17,1683.3,1611.6,-71.7,0,13.5,0.446,26.0,0.604,0.083,27.3,0.92,0.9,0.91,5,0.83,0.94,0,0.88,0.99
2022-08-18,1683.3,1482.2,-201.1,1,3.5,0.375,25.1,0.586,0.085,26.7,0.92,0.9,0.91,5,0.83,0.94,0,0.9,0.95
2022-08-19,1683.3,964.3,-719.0,1,37.1,0.615,25.9,0.588,0.089,26.3,0.92,0.9,0.91,4,0.67,0.94,0,0.68,0.96
2022-08-20,1683.3,1618.7,-64.6,0,5.8,0.391,27.8,0.568,0.066,29.4,0.92,0.9,0.91,6,1.0,0.94,0,0.89,0.88
2022-08-21,1683.3,1627.1,-56.2,0,0.3,0.352,31.0,0.589,0.041,32.8,0.92,0.9,0.91,6,1.0,0.94,0,0.9,0.89
2022-08-22,1683.3,527.7,-1155.6,1,51.9,0.721,21.0,0.598,0.159,20.9,0.92,0.9,0.91,6,1.0,0.94,3,0.65,0.91
2022-08-23,1683.3,1148.6,-534.7,1,33.5,0.589,21.9,0.591,0.156,22.5,0.92,0.9,0.91,5,0.83,0.94,0,0.68,0.92
2022-08-24,1683.3,1601.4,-81.9,0,2.9,0.371,30.7,0.58,0.079,32.3,0.92,0.9,0.91,6,1.0,0.94,0,0.9,0.91
2022-08-25,1683.3,863.8,-819.5,1,59.5,0.775,24.7,0.609,0.227,24.3,0.92,0.9,0.91,5,0.83,0.94,1,0.63,0.93
2022-08-26,1683.3,542.9,-1140.4,1,114.8,0.95,26.0,0.615,0.323,24.7,0.42,0.9,0.66,6,1.0,0.94,2,0.58,0.92
2022-08-27,1683.3,1608.8,-74.5,0,1.4,0.36,26.9,0.591,0.068,28.6,0.92,0.9,0.91,6,1.0,0.94,0,0.9,0.88
2022-08-28,1683.3,1379.4,-303.9,1,1.4,0.36,21.6,0.586,-0.006,23.3,0.92,0.6,0.76,5,0.83,0.94,0,0.9,0.9
2022-08-29,1683.3,1324.4,-358.9,1,11.0,0.429,31.0,0.592,0.075,32.4,0.92,0.56,0.74,6,1.0,0.69,0,0.88,0.92
2022-08-30,1683.3,1472.6,-210.7,1,4.3,0.381,23.6,0.598,0.053,25.2,0.92,0.9,0.91,5,0.83,0.94,0,0.89,0.92
2022-08-31,1683.3,1227.3,-456.0,1,1.5,0.36,32.9,0.588,0.058,34.6,0.92,0.9,0.91,4,0.67,0.94,0,0.9,1.0
2022-09-01,1683.3,1321.3,-362.0,1,25.9,0.535,27.5,0.599,0.138,28.3,0.92,0.9,0.91,5,0.83,0.94,0,0.85,0.9
2022-09-02,1683.3,1300.5,-382.8,1,30.9,0.571,29.3,0.581,0.107,29.9,0.92,0.9,0.91,6,1.0,0.94,0,0.69,0.88
2022-09-03,1683.3,407.4,-1275.9,1,71.2,0.859,25.7,0.614,0.245,24.9,0.6,0.9,0.75,5,0.83,0.94,3,0.61,0.92
2022-09-04,1683.3,1309.5,-373.8,1,2.4,0.367,27.5,0.579,0.016,29.2,0.92,0.9,0.91,5,0.83,0.94,0,0.9,0.83
2022-09-05,1683.3,1313.1,-370.2,1,14.8,0.455,28.7,0.633,0.097,29.9,0.92,0.59,0.75,5,0.83,0.94,0,0.87,0.87
2022-09-06,1683.3,1428.8,-254.5,1,5.0,0.386,26.3,0.585,0.041,27.9,0.92,0.9,0.91,5,0.83,0.94,0,0.89,0.9
2022-09-07,1683.3,1153.9,-529.4,1,31.9,0.578,25.0,0.609,0.129,25.6,0.92,0.9,0.91,5,0.83,0.94,0,0.69,0.89
2022-09-08,1683.3,1812.1,128.8,0,0.8,0.356,28.8,0.627,0.026,30.5,0.92,0.9,0.91,6,1.0,0.94,0,0.9,1.0
2022-09-09,1683.3,1134.2,-549.1,1,9.8,0.42,31.8,0.589,0.075,33.2,0.92,0.9,0.91,4,0.67,0.94,0,0.88,0.9
2022-09-10,1683.3,1119.1,-564.2,1,20.4,0.496,29.8,0.583,0.139,30.8,0.92,0.9,0.91,4,0.67,0.94,0,0.86,0.88
2022-09-11,1683.3,1746.5,63.2,0,4.0,0.379,27.2,0.582,0.064,28.8,0.92,0.9,0.91,6,1.0,0.94,0,0.89,0.98
2022-09-12,1683.3,948.6,-734.7,1,57.3,0.759,27.8,0.592,0.227,27.5,0.92,0.9,0.91,6,1.0,0.94,1,0.64,0.97
2022-09-13,1683.3,1697.8,14.5,0,4.1,0.379,33.3,0.616,0.043,34.9,0.92,0.9,0.91,6,1.0,0.94,0,0.89,0.9
2022-09-14,1683.3,1101.4,-581.9,1,0.2,0.352,27.5,0.636,0.027,29.3,0.92,0.9,0.91,4,0.67,0.94,0,0.9,0.88
2022-09-15,1683.3,1235.9,-447.4,1,1.0,0.357,26.3,0.58,0.036,28.0,0.41,0.9,0.66,5,0.83,0.94,0,0.9,0.92
2022-09-16,1683.3,345.7,-1337.6,1,54.9,0.742,26.9,0.59,0.222,26.7,0.92,0.9,0.91,4,0.67,0.94,3,0.64,0.93
2022-09-17,1683.3,1460.2,-223.1,1,1.2,0.358,30.7,0.573,0.028,32.4,0.92,0.9,0.91,5,0.83,0.94,0,0.9,0.9
2022-09-18,1683.3,1519.1,-164.2,1,2.4,0.367,29.1,0.604,0.043,30.7,0.92,0.9,0.91,5,0.83,0.94,0,0.9,0.92
2022-09-19,1683.3,1094.9,-588.4,1,9.8,0.42,28.8,0.602,0.056,30.2,0.92,0.9,0.91,4,0.67,0.94,0,0.88,0.91
2022-09-20,1683.3,495.7,-1187.6,1,102.4,0.95,33.3,0.629,0.294,32.1,0.92,0.9,0.91,5,0.83,0.94,2,0.58,0.92
2022-09-21,1683.3,1741.6,58.3,0,24.0,0.521,25.4,0.573,0.122,26.3,0.92,0.9,0.91,6,1.0,0.94,0,0.85,0.97
2022-09-22,1683.3,1275.8,-407.5,1,13.0,0.443,22.6,0.636,0.099,23.9,0.55,0.9,0.73,5,0.83,0.94,0,0.88,0.87
2022-09-23,1683.3,1290.2,-393.1,1,2.9,0.371,25.6,0.601,0.019,27.3,0.92,0.9,0.91,6,1.0,0.94,1,0.9,0.97
2022-09-24,1683.3,1733.5,50.2,0,6.5,0.396,25.6,0.64,0.09,27.1,0.92,0.9,0.91,6,1.0,0.94,0,0.89,0.97
2022-09-25,1683.3,1299.2,-384.1,1,12.9,0.442,26.7,0.613,0.072,27.9,0.92,0.9,0.91,4,0.67,0.94,0,0.88,0.95
2022-09-26,1683.3,1635.1,-48.2,0,0.4,0.353,29.1,0.573,0.008,30.9,0.92,0.9,0.91,6,1.0,0.94,0,0.9,0.89
2022-09-27,1683.3,1764.2,80.9,0,1.8,0.363,28.3,0.607,0.069,30.0,0.92,0.9,0.91,6,1.0,0.94,0,0.9,0.99
2022-09-28,1683.3,1492.4,-190.9,1,5.6,0.39,28.1,0.568,0.044,29.7,0.92,0.9,0.91,5,0.83,0.94,0,0.89,0.93
2022-09-29,1683.3,1123.9,-559.4,1,32.5,0.582,23.0,0.58,0.146,23.6,0.92,0.9,0.91,5,0.83,0.94,0,0.69,0.95
2022-09-30,1683.3,1428.7,-254.6,1,3.8,0.377,25.7,0.602,0.095,27.3,0.92,0.9,0.91,6,1.0,0.94,0,0.89,0.82
2022-10-01,1783.3,1651.4,-131.9,0,0.0,0.12,29.8,0.276,-0.073,32.7,0.92,0.9,0.91,5,0.83,0.94,0,0.97,0.94
2022-10-02,1783.3,1582.2,-201.1,1,0.0,0.12,30.8,0.242,-0.043,33.7,0.92,0.9,0.91,5,0.83,0.94,0,0.97,0.92
2022-10-03,1783.3,1602.6,-180.7,1,0.0,0.12,15.5,0.298,-0.05,20.0,0.92,0.9,0.91,5,0.83,0.94,0,0.97,0.91
2022-10-04,1783.3,1543.9,-239.4,1,0.0,0.12,22.8,0.24,-0.035,25.7,0.92,0.9,0.91,5,0.83,0.94,0,0.97,0.92
2022-10-05,1783.3,1657.8,-125.5,0,0.0,0.12,28.1,0.26,-0.042,31.0,0.92,0.9,0.91,6,1.0,0.94,0,0.97,0.9
2022-10-06,1783.3,1686.7,-96.6,0,0.1,0.121,30.3,0.268,-0.069,33.2,0.92,0.9,0.91,5,0.83,0.94,0,0.97,0.97
2022-10-07,1783.3,1125.7,-657.6,1,0.0,0.12,18.9,0.235,-0.08,21.8,0.92,0.42,0.67,4,0.67,0.94,0,0.97,0.86
2022-10-08,1783.3,1060.5,-722.8,1,0.0,0.12,24.9,0.292,-0.052,27.8,0.92,0.9,0.91,4,0.67,0.54,0,0.97,0.97
2022-10-09,1783.3,1182.2,-601.1,1,0.0,0.12,22.8,0.244,-0.063,25.7,0.92,0.9,0.91,4,0.67,0.67,0,0.97,0.83
2022-10-10,1783.3,1631.1,-152.2,1,0.0,0.12,28.8,0.259,-0.058,31.7,0.92,0.9,0.91,6,1.0,0.94,0,0.97,0.91
2022-10-11,1783.3,1361.4,-421.9,1,0.6,0.123,23.3,0.268,-0.083,26.2,0.92,0.9,0.91,4,0.67,0.68,0,0.97,0.94
2022-10-12,1783.3,1068.6,-714.7,1,0.0,0.12,19.5,0.247,-0.026,22.4,0.92,0.9,0.91,4,0.67,0.52,0,0.97,0.95
2022-10-13,1783.3,1572.9,-210.4,1,0.0,0.12,21.6,0.222,-0.053,24.5,0.92,0.9,0.91,6,1.0,0.94,0,0.97,0.87
2022-10-14,1783.3,1579.0,-204.3,1,0.0,0.12,23.2,0.254,-0.07,26.1,0.92,0.9,0.91,5,0.83,0.94,0,0.97,0.9
2022-10-15,1783.3,1368.6,-414.7,1,0.0,0.12,26.7,0.251,-0.068,29.6,0.63,0.9,0.77,6,1.0,0.94,0,0.97,0.96
2022-10-16,1783.3,1617.7,-165.6,1,0.0,0.12,24.2,0.271,-0.067,27.1,0.92,0.9,0.91,6,1.0,0.94,0,0.97,0.88
2022-10-17,1783.3,1624.2,-159.1,1,0.0,0.12,19.3,0.235,-0.074,22.2,0.92,0.9,0.91,6,1.0,0.94,0,0.97,0.89
2022-10-18,1783.3,1681.5,-101.8,0,0.0,0.12,24.8,0.285,-0.022,27.7,0.92,0.9,0.91,6,1.0,0.94,0,0.97,0.91
2022-10-19,1783.3,1436.8,-346.5,1,0.0,0.12,27.4,0.264,-0.053,30.3,0.92,0.9,0.91,5,0.83,0.94,0,0.97,0.86
2022-10-20,1783.3,1591.9,-191.4,1,0.0,0.12,29.8,0.234,-0.051,32.7,0.92,0.9,0.91,5,0.83,0.94,0,0.97,0.94
2022-10-21,1783.3,1017.9,-765.4,1,0.0,0.12,14.5,0.251,-0.057,20.0,0.92,0.9,0.91,5,0.83,0.62,0,0.97,0.87
2022-10-22,1783.3,1610.4,-172.9,1,0.0,0.12,24.0,0.268,-0.058,26.9,0.92,0.9,0.91,5,0.83,0.94,0,0.97,0.91
2022-10-23,1783.3,1128.8,-654.5,1,0.0,0.12,24.9,0.261,-0.016,27.8,0.54,0.9,0.72,4,0.67,0.56,0,0.97,0.95
2022-10-24,1783.3,1332.8,-450.5,1,0.0,0.12,22.2,0.274,-0.06,25.1,0.92,0.9,0.91,4,0.67,0.94,0,0.97,0.93
2022-10-25,1783.3,1591.6,-191.7,1,0.0,0.12,26.1,0.278,-0.027,29.0,0.92,0.9,0.91,5,0.83,0.94,0,0.97,0.93
2022-10-26,1783.3,1357.7,-425.6,1,0.0,0.12,18.2,0.25,-0.076,21.1,0.92,0.48,0.7,4,0.67,0.94,0,0.97,0.97
2022-10-27,1783.3,1306.9,-476.4,1,0.0,0.12,24.1,0.23,-0.076,27.0,0.92,0.52,0.72,4,0.67,0.94,0,0.97,0.95
2022-10-28,1783.3,1691.7,-91.6,0,0.0,0.12,23.4,0.205,-0.049,26.3,0.92,0.9,0.91,5,0.83,0.94,0,0.97,1.0
2022-10-29,1783.3,1729.8,-53.5,0,0.0,0.12,17.9,0.287,-0.051,20.8,0.92,0.9,0.91,6,1.0,0.94,0,0.97,1.0
2022-10-30,1783.3,1497.5,-285.8,1,0.0,0.12,28.8,0.228,-0.051,31.7,0.92,0.9,0.91,5,0.83,0.94,0,0.97,0.92
2022-10-31,1783.3,1690.6,-92.7,0,0.0,0.12,24.5,0.253,-0.071,27.4,0.92,0.9,0.91,5,0.83,0.94,0,0.97,0.94
2022-11-01,1783.3,1608.8,-174.5,1,0.0,0.12,24.9,0.224,-0.033,27.8,0.92,0.9,0.91,5,0.83,0.94,0,0.97,0.91
2022-11-02,1783.3,1641.9,-141.4,0,1.5,0.128,21.2,0.253,-0.073,24.1,0.92,0.9,0.91,5,0.83,0.94,0,0.96,0.96
2022-11-03,1783.3,1637.4,-145.9,0,0.0,0.12,28.7,0.255,-0.043,31.6,0.92,0.9,0.91,5,0.83,0.94,0,0.97,0.93
2022-11-04,1783.3,1213.1,-570.2,1,0.0,0.12,28.6,0.237,-0.063,31.5,0.48,0.9,0.69,5,0.83,0.94,0,0.97,0.87
2022-11-05,1783.3,1701.4,-81.9,0,0.0,0.12,24.0,0.258,-0.074,26.9,0.92,0.9,0.91,6,1.0,0.94,0,0.97,0.93
2022-11-06,1783.3,1562.2,-221.1,1,0.0,0.12,32.1,0.252,-0.048,35.0,0.92,0.9,0.91,5,0.83,0.94,0,0.97,0.9
2022-11-07,1783.3,1699.4,-83.9,0,0.0,0.12,19.9,0.255,-0.04,22.8,0.92,0.9,0.91,6,1.0,0.94,0,0.97,0.92
2022-11-08,1783.3,1238.4,-544.9,1,0.0,0.12,24.5,0.25,-0.073,27.4,0.92,0.9,0.91,6,1.0,0.68,0,0.97,0.91
2022-11-09,1783.3,1275.7,-507.6,1,0.0,0.12,21.7,0.261,-0.037,24.6,0.92,0.9,0.91,6,1.0,0.94,1,0.97,0.91
2022-11-10,1783.3,1551.6,-231.7,1,0.0,0.12,19.5,0.242,-0.036,22.4,0.92,0.9,0.91,6,1.0,0.94,0,0.97,0.89
2022-11-11,1783.3,1583.4,-199.9,1,0.0,0.12,30.1,0.279,-0.039,33.0,0.92,0.9,0.91,5,0.83,0.94,0,0.97,0.87
2022-11-12,1783.3,1210.3,-573.0,1,0.0,0.12,22.6,0.241,-0.085,25.5,0.92,0.38,0.65,5,0.83,0.94,0,0.97,0.92
2022-11-13,1783.3,1778.0,-5.3,0,0.0,0.12,23.7,0.263,-0.054,26.6,0.92,0.9,0.91,6,1.0,0.94,0,0.97,0.95
2022-11-14,1783.3,1507.9,-275.4,1,0.0,0.12,22.6,0.237,-0.061,25.5,0.92,0.61,0.76,5,0.83,0.94,0,0.97,0.98
2022-11-15,1783.3,903.3,-880.0,1,0.0,0.12,25.0,0.248,-0.073,27.9,0.41,0.61,0.51,5,0.83,0.94,0,0.97,0.94
2022-11-16,1783.3,1730.1,-53.2,0,0.2,0.121,19.1,0.233,-0.02,22.0,0.92,0.9,0.91,6,1.0,0.94,0,0.97,0.98
2022-11-17,1783.3,1625.4,-157.9,1,0.0,0.12,21.4,0.289,-0.06,24.3,0.92,0.9,0.91,6,1.0,0.94,0,0.97,0.91
2022-11-18,1783.3,1228.4,-554.9,1,0.0,0.12,17.7,0.255,-0.098,20.6,0.92,0.59,0.75,4,0.67,0.94,0,0.97,0.93
2022-11-19,1783.3,1780.8,-2.5,0,0.0,0.12,27.6,0.237,-0.031,30.5,0.92,0.9,0.91,6,1.0,0.94,0,0.97,0.94
2022-11-20,1783.3,1251.7,-531.6,1,0.0,0.12,18.2,0.263,-0.05,21.1,0.92,0.35,0.64,5,0.83,0.94,0,0.97,0.95
2022-11-21,1783.3,1729.2,-54.1,0,0.0,0.12,25.9,0.212,-0.041,28.8,0.92,0.9,0.91,6,1.0,0.94,0,0.97,0.92
2022-11-22,1783.3,1180.5,-602.8,1,0.0,0.12,21.6,0.246,-0.049,24.5,0.92,0.51,0.72,5,0.83,0.94,0,0.97,0.88
2022-11-23,1783.3,1395.8,-387.5,1,0.0,0.12,19.0,0.224,-0.066,21.9,0.92,0.9,0.91,4,0.67,0.94,0,0.97,0.96
2022-11-24,1783.3,1719.2,-64.1,0,0.0,0.12,28.5,0.218,-0.045,31.4,0.92,0.9,0.91,6,1.0,0.94,0,0.97,0.96
2022-11-25,1783.3,1557.3,-226.0,1,0.0,0.12,24.9,0.266,-0.075,27.8,0.92,0.9,0.91,5,0.83,0.94,0,0.97,0.92
2022-11-26,1783.3,1616.5,-166.8,1,0.0,0.12,24.8,0.262,-0.046,27.7,0.66,0.9,0.78,5,0.83,0.94,0,0.97,0.98
2022-11-27,1783.3,1698.4,-84.9,0,0.0,0.12,16.2,0.244,-0.038,20.0,0.92,0.9,0.91,5,0.83,0.94,0,0.97,0.96
2022-11-28,1783.3,1084.9,-698.4,1,0.0,0.12,27.7,0.287,-0.07,30.6,0.92,0.59,0.75,6,1.0,0.94,1,0.97,0.95
2022-11-29,1783.3,1698.9,-84.4,0,0.9,0.125,21.6,0.251,-0.05,24.5,0.92,0.9,0.91,5,0.83,0.94,0,0.97,0.96
2022-11-30,1783.3,1612.8,-170.5,1,0.0,0.12,20.5,0.254,-0.047,23.4,0.92,0.9,0.91,5,0.83,0.94,0,0.97,0.94
2022-12-01,1783.3,1580.4,-202.9,1,0.0,0.12,25.4,0.247,-0.068,28.3,0.92,0.9,0.91,6,1.0,0.94,0,0.97,0.87
2022-12-02,1783.3,1651.5,-131.8,0,0.0,0.12,20.3,0.298,-0.048,23.2,0.92,0.9,0.91,6,1.0,0.94,0,0.97,0.91
2022-12-03,1783.3,1637.3,-146.0,0,0.0,0.12,29.2,0.268,-0.032,32.1,0.92,0.9,0.91,5,0.83,0.94,0,0.97,0.93
2022-12-04,1783.3,1674.6,-108.7,0,0.0,0.12,29.3,0.278,-0.067,32.2,0.92,0.9,0.91,5,0.83,0.94,0,0.97,1.0
2022-12-05,1783.3,1286.2,-497.1,1,0.0,0.12,23.3,0.233,-0.04,26.2,0.92,0.9,0.91,4,0.67,0.94,0,0.97,0.89
2022-12-06,1783.3,1163.0,-620.3,1,0.0,0.12,27.4,0.256,-0.068,30.3,0.41,0.9,0.66,5,0.83,0.94,0,0.97,0.86
2022-12-07,1783.3,1828.7,45.4,0,0.0,0.12,20.4,0.225,-0.034,23.3,0.92,0.9,0.91,6,1.0,0.94,0,0.97,0.92
2022-12-08,1783.3,1722.4,-60.9,0,0.0,0.12,15.8,0.268,-0.038,20.0,0.92,0.9,0.91,6,1.0,0.94,0,0.97,0.95
2022-12-09,1783.3,1727.5,-55.8,0,0.0,0.12,31.3,0.267,-0.043,34.2,0.92,0.9,0.91,6,1.0,0.94,0,0.97,0.93
2022-12-10,1783.3,1332.3,-451.0,1,0.0,0.12,20.9,0.269,-0.024,23.8,0.92,0.52,0.72,5,0.83,0.94,0,0.97,0.89
2022-12-11,1783.3,1636.1,-147.2,0,0.0,0.12,31.6,0.239,-0.05,34.5,0.92,0.9,0.91,6,1.0,0.94,0,0.97,0.93
2022-12-12,1783.3,1455.7,-327.6,1,0.0,0.12,28.4,0.224,-0.029,31.3,0.92,0.9,0.91,5,0.83,0.94,0,0.97,0.9
2022-12-13,1783.3,1162.3,-621.0,1,0.0,0.12,24.5,0.274,-0.085,27.4,0.92,0.9,0.91,6,1.0,0.64,0,0.97,0.9
2022-12-14,1783.3,1354.6,-428.7,1,0.0,0.12,25.7,0.23,-0.065,28.6,0.92,0.54,0.73,5,0.83,0.94,0,0.97,0.93
2022-12-15,1783.3,1287.2,-496.1,1,0.0,0.12,31.4,0.26,-0.079,34.3,0.51,0.9,0.7,6,1.0,0.94,0,0.97,0.91
2022-12-16,1783.3,1293.7,-489.6,1,0.0,0.12,23.1,0.261,-0.04,26.0,0.92,0.9,0.91,4,0.67,0.94,0,0.97,0.95
2022-12-17,1783.3,1506.7,-276.6,1,0.0,0.12,23.6,0.243,-0.036,26.5,0.92,0.9,0.91,6,1.0,0.94,0,0.97,0.85
2022-12-18,1783.3,1265.7,-517.6,1,0.0,0.12,20.2,0.255,-0.022,23.1,0.92,0.9,0.91,6,1.0,0.94,1,0.97,0.91
2022-12-19,1783.3,1541.1,-242.2,1,0.0,0.12,25.1,0.249,-0.06,28.0,0.92,0.9,0.91,5,0.83,0.94,0,0.97,0.9
2022-12-20,1783.3,1636.6,-146.7,0,0.0,0.12,16.9,0.235,-0.047,20.0,0.92,0.9,0.91,5,0.83,0.94,0,0.97,0.96
2022-12-21,1783.3,1009.0,-774.3,1,0.0,0.12,24.5,0.231,-0.025,27.4,0.92,0.9,0.91,6,1.0,0.53,0,0.97,0.97
2022-12-22,1783.3,1285.5,-497.8,1,0.0,0.12,26.9,0.272,-0.065,29.8,0.92,0.43,0.68,5,0.83,0.94,0,0.97,0.96
2022-12-23,1783.3,1190.9,-592.4,1,0.0,0.12,28.7,0.234,-0.031,31.6,0.92,0.41,0.66,4,0.67,0.94,0,0.97,0.91
2022-12-24,1783.3,1247.0,-536.3,1,0.0,0.12,25.5,0.264,-0.061,28.4,0.92,0.9,0.91,4,0.67,0.94,0,0.97,0.88
2022-12-25,1783.3,1371.6,-411.7,1,0.0,0.12,19.6,0.27,-0.089,22.5,0.92,0.9,0.91,6,1.0,0.94,0,0.97,0.79
2022-12-26,1783.3,1423.0,-360.3,1,0.0,0.12,20.9,0.264,-0.087,23.8,0.67,0.9,0.78,6,1.0,0.94,0,0.97,0.95
2022-12-27,1783.3,1573.7,-209.6,1,0.0,0.12,30.1,0.267,-0.066,33.0,0.92,0.9,0.91,5,0.83,0.94,0,0.97,0.9
2022-12-28,1783.3,1735.5,-47.8,0,0.0,0.12,23.0,0.268,-0.016,25.9,0.92,0.9,0.91,5,0.83,0.94,0,0.97,0.96
2022-12-29,1783.3,1568.8,-214.5,1,0.0,0.12,22.4,0.258,-0.122,25.3,0.92,0.9,0.91,5,0.83,0.94,0,0.97,0.92
2022-12-30,1783.3,1305.4,-477.9,1,0.0,0.12,24.5,0.268,-0.052,27.4,0.48,0.9,0.69,5,0.83,0.94,0,0.97,0.95
2022-12-31,1783.3,1690.6,-92.7,0,0.0,0.12,31.3,0.252,-0.033,34.2,0.92,0.9,0.91,5,0.83,0.94,0,0.97,0.96
2023-01-01,1783.3,1703.0,-80.3,0,0.0,0.12,29.2,0.232,-0.054,32.1,0.92,0.9,0.91,6,1.0,0.94,0,0.97,0.96
2023-01-02,1783.3,1542.5,-240.8,1,0.0,0.12,20.2,0.247,-0.037,23.1,0.92,0.9,0.91,5,0.83,0.94,0,0.97,0.92
2023-01-03,1783.3,1609.7,-173.6,1,0.0,0.12,30.6,0.286,-0.043,33.5,0.92,0.9,0.91,6,1.0,0.94,0,0.97,0.92
2023-01-04,1783.3,1720.5,-62.8,0,0.0,0.12,20.5,0.237,-0.059,23.4,0.92,0.9,0.91,5,0.83,0.94,0,0.97,0.98
2023-01-05,1783.3,1229.5,-553.8,1,0.0,0.12,24.9,0.231,-0.072,27.8,0.47,0.9,0.69,6,1.0,0.94,0,0.97,0.88
2023-01-06,1783.3,1678.3,-105.0,0,0.0,0.12,26.0,0.252,-0.08,28.9,0.92,0.9,0.91,6,1.0,0.94,0,0.97,0.92
2023-01-07,1783.3,1655.4,-127.9,0,0.0,0.12,18.4,0.252,-0.051,21.3,0.92,0.9,0.91,5,0.83,0.94,0,0.97,0.97
2023-01-08,1783.3,1336.6,-446.7,1,0.0,0.12,21.5,0.222,-0.02,24.4,0.48,0.9,0.69,5,0.83,0.94,0,0.97,0.99
2023-01-09,1783.3,1654.5,-128.8,0,0.0,0.12,21.2,0.26,-0.02,24.1,0.92,0.9,0.91,5,0.83,0.94,0,0.97,0.98
2023-01-10,1783.3,1274.8,-508.5,1,0.0,0.12,20.7,0.261,-0.065,23.6,0.92,0.9,0.91,4,0.67,0.94,0,0.97,0.89
2023-01-11,1783.3,1820.6,37.3,0,0.0,0.12,27.8,0.253,-0.019,30.7,0.92,0.9,0.91,6,1.0,0.94,0,0.97,0.98
2023-01-12,1783.3,1615.3,-168.0,1,0.0,0.12,15.1,0.264,-0.066,20.0,0.92,0.9,0.91,5,0.83,0.94,0,0.97,0.93
2023-01-13,1783.3,1265.9,-517.4,1,0.0,0.12,14.9,0.238,-0.067,20.0,0.92,0.9,0.91,4,0.67,0.64,0,0.97,0.94
2023-01-14,1783.3,1622.9,-160.4,1,0.0,0.12,25.7,0.213,-0.081,28.6,0.92,0.9,0.91,5,0.83,0.94,0,0.97,0.94
2023-01-15,1783.3,1570.6,-212.7,1,2.5,0.132,24.1,0.251,-0.045,26.9,0.92,0.9,0.91,6,1.0,0.94,0,0.96,0.9
2023-01-16,1783.3,1614.3,-169.0,1,0.0,0.12,24.3,0.268,-0.081,27.2,0.92,0.9,0.91,5,0.83,0.94,0,0.97,0.95
2023-01-17,1783.3,1184.1,-599.2,1,0.0,0.12,21.4,0.25,-0.087,24.3,0.51,0.9,0.71,6,1.0,0.94,0,0.97,0.89
2023-01-18,1783.3,950.0,-833.3,1,0.0,0.12,16.8,0.243,-0.048,20.0,0.52,0.9,0.71,6,1.0,0.94,1,0.97,0.89
2023-01-19,1783.3,1135.2,-648.1,1,0.0,0.12,24.6,0.21,-0.053,27.5,0.92,0.38,0.65,5,0.83,0.94,0,0.97,0.9
2023-01-20,1783.3,1352.9,-430.4,1,0.0,0.12,28.2,0.258,-0.031,31.1,0.92,0.9,0.91,4,0.67,0.94,0,0.97,0.95
2023-01-21,1783.3,1013.3,-770.0,1,0.0,0.12,24.2,0.245,-0.061,27.1,0.92,0.9,0.91,5,0.83,0.52,0,0.97,0.92
2023-01-22,1783.3,859.1,-924.2,1,2.2,0.131,20.7,0.267,-0.025,23.5,0.92,0.35,0.64,5,0.83,0.94,1,0.96,0.9
2023-01-23,1783.3,1568.8,-214.5,1,0.0,0.12,23.9,0.253,-0.056,26.8,0.92,0.9,0.91,5,0.83,0.94,0,0.97,0.87
2023-01-24,1783.3,1468.2,-315.1,1,0.0,0.12,23.4,0.247,-0.037,26.3,0.92,0.9,0.91,5,0.83,0.94,0,0.97,0.86
2023-01-25,1783.3,1635.6,-147.7,0,0.0,0.12,24.5,0.272,-0.039,27.4,0.92,0.9,0.91,5,0.83,0.94,0,0.97,0.98
2023-01-26,1783.3,1336.8,-446.5,1,0.0,0.12,26.0,0.285,-0.091,28.9,0.53,0.9,0.72,5,0.83,0.94,0,0.97,0.91
2023-01-27,1783.3,1237.5,-545.8,1,0.0,0.12,24.3,0.248,-0.064,27.2,0.92,0.9,0.91,4,0.67,0.94,0,0.97,0.91
2023-01-28,1783.3,1674.4,-108.9,0,0.0,0.12,17.1,0.237,-0.06,20.0,0.92,0.9,0.91,5,0.83,0.94,0,0.97,0.98
2023-01-29,1783.3,1717.7,-65.6,0,2.1,0.13,21.5,0.246,-0.067,24.4,0.92,0.9,0.91,6,1.0,0.94,0,0.96,0.95
2023-01-30,1783.3,1632.6,-150.7,1,0.0,0.12,22.3,0.265,-0.098,25.2,0.92,0.9,0.91,6,1.0,0.94,0,0.97,0.92
2023-01-31,1783.3,1437.1,-346.2,1,0.0,0.12,21.7,0.192,-0.018,24.6,0.61,0.9,0.76,6,1.0,0.94,0,0.97,0.93
2023-02-01,1783.3,1500.8,-282.5,1,0.0,0.12,20.6,0.269,-0.06,23.5,0.92,0.9,0.91,5,0.83,0.94,0,0.97,0.91
2023-02-02,1783.3,976.7,-806.6,1,0.0,0.12,22.0,0.238,-0.04,24.9,0.92,0.5,0.71,4,0.67,0.94,1,0.97,0.88
2023-02-03,1783.3,1677.4,-105.9,0,0.0,0.12,33.3,0.264,-0.071,36.2,0.92,0.9,0.91,6,1.0,0.94,0,0.97,0.9
2023-02-04,1783.3,1030.7,-752.6,1,0.0,0.12,27.4,0.285,-0.044,30.3,0.92,0.9,0.91,4,0.67,0.94,1,0.97,0.92
2023-02-05,1783.3,1597.8,-185.5,1,0.0,0.12,22.8,0.238,-0.07,25.7,0.92,0.9,0.91,5,0.83,0.94,0,0.97,0.92
2023-02-06,1783.3,1685.4,-97.9,0,0.0,0.12,21.2,0.251,-0.083,24.1,0.92,0.9,0.91,6,1.0,0.94,0,0.97,0.95
2023-02-07,1783.3,956.0,-827.3,1,0.0,0.12,28.3,0.236,-0.053,31.2,0.92,0.9,0.91,4,0.67,0.94,1,0.97,0.93
2023-02-08,1783.3,1308.2,-475.1,1,0.0,0.12,24.4,0.237,-0.014,27.3,0.92,0.9,0.91,4,0.67,0.94,0,0.97,0.94
2023-02-09,1783.3,1194.5,-588.8,1,0.0,0.12,26.2,0.255,-0.055,29.1,0.92,0.9,0.91,5,0.83,0.94,1,0.97,0.93
2023-02-10,1783.3,1674.6,-108.7,0,0.0,0.12,20.8,0.21,-0.023,23.7,0.92,0.9,0.91,6,1.0,0.94,0,0.97,0.94
2023-02-11,1783.3,1313.3,-470.0,1,0.0,0.12,25.5,0.243,-0.051,28.4,0.92,0.6,0.76,6,1.0,0.94,0,0.97,0.89
2023-02-12,1783.3,1592.8,-190.5,1,0.0,0.12,23.6,0.267,-0.048,26.5,0.92,0.9,0.91,5,0.83,0.94,0,0.97,0.92
2023-02-13,1783.3,1278.2,-505.1,1,1.4,0.127,23.5,0.242,-0.035,26.3,0.92,0.64,0.78,5,0.83,0.94,0,0.96,0.82
2023-02-14,1783.3,1278.5,-504.8,1,0.0,0.12,23.1,0.304,-0.098,26.0,0.54,0.9,0.72,4,0.67,0.94,0,0.97,0.94
2023-02-15,1783.3,1254.4,-528.9,1,0.0,0.12,29.6,0.279,-0.053,32.5,0.57,0.9,0.74,6,1.0,0.61,0,0.97,0.93
2023-02-16,1783.3,1415.0,-368.3,1,0.0,0.12,24.1,0.271,-0.029,27.0,0.92,0.9,0.91,5,0.83,0.71,0,0.97,0.93
2023-02-17,1783.3,1273.2,-510.1,1,0.0,0.12,24.9,0.248,-0.044,27.8,0.92,0.9,0.91,4,0.67,0.94,0,0.97,0.93
2023-02-18,1783.3,1648.7,-134.6,0,0.4,0.122,31.9,0.268,-0.066,34.7,0.92,0.9,0.91,5,0.83,0.94,0,0.97,0.96
2023-02-19,1783.3,1815.2,31.9,0,0.0,0.12,28.3,0.273,-0.078,31.2,0.92,0.9,0.91,6,1.0,0.94,0,0.97,0.98
2023-02-20,1783.3,1730.2,-53.1,0,0.0,0.12,19.2,0.259,-0.058,22.1,0.92,0.9,0.91,5,0.83,0.94,0,0.97,0.98
2023-02-21,1783.3,1674.2,-109.1,0,0.0,0.12,21.4,0.226,-0.053,24.3,0.92,0.9,0.91,5,0.83,0.94,0,0.97,0.95
2023-02-22,1783.3,1339.5,-443.8,1,3.2,0.136,24.2,0.237,-0.03,27.0,0.92,0.9,0.91,4,0.67,0.94,0,0.96,0.98
2023-02-23,1783.3,1347.0,-436.3,1,0.0,0.12,21.9,0.247,-0.038,24.8,0.92,0.9,0.91,4,0.67,0.94,0,0.97,0.91
2023-02-24,1783.3,1061.7,-721.6,1,0.0,0.12,24.8,0.273,-0.133,27.7,0.92,0.9,0.91,5,0.83,0.54,0,0.97,1.0
2023-02-25,1783.3,1143.7,-639.6,1,0.0,0.12,26.3,0.247,-0.078,29.2,0.92,0.31,0.61,5,0.83,0.94,0,0.97,0.89
2023-02-26,1783.3,1674.3,-109.0,0,0.0,0.12,21.0,0.233,-0.081,23.9,0.92,0.9,0.91,6,1.0,0.94,0,0.97,0.94
2023-02-27,1783.3,1374.2,-409.1,1,0.0,0.12,23.0,0.249,-0.043,25.9,0.92,0.9,0.91,4,0.67,0.94,0,0.97,0.91
2023-02-28,1783.3,1806.6,23.3,0,0.0,0.12,22.9,0.274,-0.041,25.8,0.92,0.9,0.91,6,1.0,0.94,0,0.97,0.96
2023-03-01,1783.3,1623.0,-160.3,1,0.0,0.12,26.7,0.231,-0.055,29.6,0.92,0.9,0.91,5,0.83,0.94,0,0.97,0.9
2023-03-02,1783.3,1598.5,-184.8,1,0.0,0.12,29.2,0.25,-0.084,32.1,0.92,0.9,0.91,5,0.83,0.94,0,0.97,0.91
2023-03-03,1783.3,1580.6,-202.7,1,0.0,0.12,26.0,0.248,-0.05,28.9,0.92,0.9,0.91,5,0.83,0.94,0,0.97,0.93
2023-03-04,1783.3,1244.1,-539.2,1,0.0,0.12,25.5,0.259,-0.015,28.4,0.92,0.9,0.91,6,1.0,0.94,1,0.97,0.93
2023-03-05,1783.3,1376.9,-406.4,1,0.0,0.12,30.0,0.258,-0.071,32.9,0.55,0.9,0.73,6,1.0,0.94,0,0.97,0.97
2023-03-06,1783.3,1631.5,-151.8,1,0.0,0.12,30.8,0.267,-0.065,33.7,0.92,0.9,0.91,5,0.83,0.94,0,0.97,0.91
2023-03-07,1783.3,1552.3,-231.0,1,0.0,0.12,23.3,0.241,-0.036,26.2,0.92,0.9,0.91,5,0.83,0.94,0,0.97,0.91
2023-03-08,1783.3,1698.7,-84.6,0,0.0,0.12,32.5,0.227,-0.015,35.4,0.92,0.9,0.91,5,0.83,0.94,0,0.97,0.96
2023-03-09,1783.3,1727.5,-55.8,0,0.2,0.121,32.0,0.234,-0.063,34.9,0.92,0.9,0.91,6,1.0,0.94,0,0.97,0.92
2023-03-10,1783.3,1493.5,-289.8,1,0.0,0.12,26.1,0.267,-0.045,29.0,0.92,0.9,0.91,5,0.83,0.94,0,0.97,0.9
2023-03-11,1783.3,1634.7,-148.6,0,2.9,0.134,21.6,0.274,-0.047,24.4,0.92,0.9,0.91,6,1.0,0.94,0,0.96,0.89
2023-03-12,1783.3,1441.6,-341.7,1,0.0,0.12,27.3,0.246,-0.036,30.2,0.92,0.9,0.91,5,0.83,0.94,0,0.97,0.89
2023-03-13,1783.3,1538.3,-245.0,1,0.0,0.12,26.6,0.233,-0.044,29.5,0.92,0.61,0.76,6,1.0,0.94,0,0.97,0.97
2023-03-14,1783.3,1575.6,-207.7,1,0.9,0.124,25.1,0.251,-0.055,28.0,0.92,0.9,0.91,6,1.0,0.94,0,0.97,0.88
2023-03-15,1783.3,1311.3,-472.0,1,0.0,0.12,20.4,0.234,-0.043,23.3,0.92,0.52,0.72,5,0.83,0.94,0,0.97,0.9
2023-03-16,1783.3,1555.5,-227.8,1,0.0,0.12,31.6,0.209,-0.061,34.5,0.92,0.9,0.91,5,0.83,0.94,0,0.97,0.84
2023-03-17,1783.3,1606.7,-176.6,1,0.0,0.12,26.6,0.226,-0.056,29.5,0.92,0.9,0.91,5,0.83,0.94,0,0.97,0.91
2023-03-18,1783.3,1238.9,-544.4,1,0.0,0.12,23.2,0.269,-0.027,26.1,0.92,0.9,0.91,4,0.67,0.94,0,0.97,0.88
2023-03-19,1783.3,1230.4,-552.9,1,0.0,0.12,19.9,0.245,-0.054,22.8,0.92,0.9,0.91,4,0.67,0.94,0,0.97,0.91
2023-03-20,1783.3,1536.4,-246.9,1,0.0,0.12,23.4,0.258,-0.067,26.3,0.92,0.9,0.91,5,0.83,0.94,0,0.97,0.91
2023-03-21,1783.3,843.7,-939.6,1,0.0,0.12,24.0,0.22,-0.031,26.9,0.63,0.42,0.53,6,1.0,0.94,0,0.97,0.87
2023-03-22,1783.3,1652.8,-130.5,0,0.0,0.12,26.1,0.228,-0.087,29.0,0.92,0.9,0.91,6,1.0,0.94,0,0.97,0.93
2023-03-23,1783.3,1655.8,-127.5,0,0.0,0.12,25.0,0.265,-0.051,27.9,0.92,0.9,0.91,6,1.0,0.94,0,0.97,0.92
2023-03-24,1783.3,1820.6,37.3,0,0.0,0.12,23.5,0.236,-0.066,26.4,0.92,0.9,0.91,6,1.0,0.94,0,0.97,1.0
2023-03-25,1783.3,1792.8,9.5,0,0.0,0.12,26.0,0.263,-0.076,28.9,0.92,0.9,0.91,6,1.0,0.94,0,0.97,0.96
2023-03-26,1783.3,1642.0,-141.3,0,1.0,0.125,25.8,0.243,-0.049,28.7,0.92,0.9,0.91,6,1.0,0.94,0,0.96,0.88
2023-03-27,1783.3,1283.9,-499.4,1,0.0,0.12,24.2,0.276,-0.043,27.1,0.49,0.9,0.69,6,1.0,0.94,0,0.97,0.96
2023-03-28,1783.3,1599.1,-184.2,1,0.0,0.12,25.7,0.209,-0.014,28.6,0.92,0.9,0.91,6,1.0,0.94,0,0.97,0.88
2023-03-29,1783.3,1297.9,-485.4,1,0.0,0.12,22.6,0.246,-0.081,25.5,0.61,0.9,0.76,5,0.83,0.94,0,0.97,0.85
2023-03-30,1783.3,1780.5,-2.8,0,0.7,0.123,34.5,0.249,-0.034,37.4,0.92,0.9,0.91,5,0.83,0.94,0,0.97,1.0
2023-03-31,1783.3,1644.8,-138.5,0,0.0,0.12,22.1,0.217,-0.069,25.0,0.92,0.9,0.91,6,1.0,0.94,0,0.97,0.91
2023-04-01,1783.3,1241.3,-542.0,1,0.0,0.12,37.8,0.241,-0.055,40.7,0.92,0.34,0.63,5,0.83,0.94,0,0.97,0.99
2023-04-02,1783.3,1279.2,-504.1,1,0.0,0.12,30.9,0.285,-0.016,33.8,0.69,0.6,0.64,6,1.0,0.94,0,0.97,0.97
2023-04-03,1783.3,1656.3,-127.0,0,0.0,0.12,34.6,0.249,-0.063,37.5,0.92,0.9,0.91,5,0.83,0.94,0,0.97,0.95
2023-04-04,1783.3,1340.8,-442.5,1,0.0,0.12,32.1,0.269,-0.061,35.0,0.92,0.9,0.91,4,0.67,0.94,0,0.97,0.97
2023-04-05,1783.3,1676.6,-106.7,0,0.0,0.12,37.5,0.273,-0.069,40.4,0.92,0.9,0.91,6,1.0,0.94,0,0.97,0.92
2023-04-06,1783.3,1514.8,-268.5,1,2.0,0.13,30.4,0.244,-0.028,33.2,0.92,0.9,0.91,5,0.83,0.94,0,0.96,0.91
2023-04-07,1783.3,1634.5,-148.8,0,0.0,0.12,36.6,0.273,-0.027,39.5,0.92,0.9,0.91,5,0.83,0.94,0,0.97,0.94
2023-04-08,1783.3,1593.2,-190.1,1,0.0,0.12,33.5,0.231,-0.036,36.4,0.92,0.9,0.91,5,0.83,0.94,0,0.97,0.9
2023-04-09,1783.3,1597.7,-185.6,1,6.8,0.154,34.2,0.237,-0.037,36.9,0.92,0.9,0.91,6,1.0,0.94,0,0.96,0.9
2023-04-10,1783.3,1590.7,-192.6,1,0.0,0.12,38.6,0.262,-0.07,41.5,0.92,0.9,0.91,6,1.0,0.94,0,0.97,0.9
2023-04-11,1783.3,1617.3,-166.0,1,0.0,0.12,30.7,0.271,-0.052,33.6,0.92,0.9,0.91,5,0.83,0.94,0,0.97,0.94
2023-04-12,1783.3,1639.7,-143.6,0,2.9,0.134,37.8,0.245,-0.071,40.6,0.92,0.9,0.91,6,1.0,0.94,0,0.96,0.93
2023-04-13,1783.3,1403.8,-379.5,1,0.0,0.12,43.5,0.264,-0.089,46.4,0.92,0.9,0.91,6,1.0,0.94,0,0.97,0.79
2023-04-14,1783.3,1640.5,-142.8,0,0.0,0.12,41.5,0.265,-0.06,44.4,0.92,0.9,0.91,5,0.83,0.94,0,0.97,0.95
2023-04-15,1783.3,1355.0,-428.3,1,0.0,0.12,26.3,0.254,-0.097,29.2,0.65,0.9,0.78,5,0.83,0.94,0,0.97,0.91
2023-04-16,1783.3,1502.0,-281.3,1,0.0,0.12,47.2,0.271,-0.047,48.0,0.92,0.9,0.91,5,0.83,0.94,0,0.97,0.87
2023-04-17,1783.3,1348.1,-435.2,1,0.0,0.12,37.8,0.245,-0.07,40.7,0.92,0.9,0.91,5,0.83,0.73,0,0.97,0.9
2023-04-18,1783.3,1662.3,-121.0,0,0.0,0.12,41.3,0.237,-0.039,44.2,0.92,0.9,0.91,6,1.0,0.94,0,0.97,0.89
2023-04-19,1783.3,1646.5,-136.8,0,0.0,0.12,42.5,0.26,-0.07,45.4,0.92,0.9,0.91,5,0.83,0.94,0,0.97,0.9
2023-04-20,1783.3,1169.5,-613.8,1,0.0,0.12,44.0,0.268,-0.054,46.9,0.92,0.49,0.71,6,1.0,0.94,0,0.97,0.81
2023-04-21,1783.3,1305.7,-477.6,1,1.4,0.127,29.9,0.263,-0.045,32.8,0.92,0.9,0.91,5,0.83,0.94,1,0.96,0.98
2023-04-22,1783.3,1395.1,-388.2,1,0.0,0.12,26.4,0.235,-0.062,29.3,0.92,0.9,0.91,4,0.67,0.94,0,0.97,0.94
2023-04-23,1783.3,1714.7,-68.6,0,0.5,0.122,40.0,0.274,-0.063,42.9,0.92,0.9,0.91,6,1.0,0.94,0,0.97,0.97
2023-04-24,1783.3,1147.8,-635.5,1,0.0,0.12,33.8,0.224,-0.067,36.7,0.92,0.9,0.91,6,1.0,0.63,0,0.97,0.92
2023-04-25,1783.3,1640.9,-142.4,0,0.0,0.12,35.4,0.271,-0.028,38.3,0.92,0.9,0.91,5,0.83,0.94,0,0.97,0.95
2023-04-26,1783.3,1668.4,-114.9,0,0.0,0.12,25.7,0.23,-0.039,28.6,0.92,0.9,0.91,5,0.83,0.94,0,0.97,0.97
2023-04-27,1783.3,1618.7,-164.6,1,4.4,0.142,36.0,0.253,-0.033,38.7,0.92,0.9,0.91,5,0.83,0.94,0,0.96,0.95
2023-04-28,1783.3,1853.8,70.5,0,0.0,0.12,40.1,0.222,-0.043,43.0,0.92,0.9,0.91,6,1.0,0.94,0,0.97,0.95
2023-04-29,1783.3,1600.0,-183.3,1,1.1,0.125,41.0,0.266,-0.088,43.9,0.92,0.9,0.91,5,0.83,0.94,0,0.96,0.96
2023-04-30,1783.3,1219.6,-563.7,1,0.0,0.12,36.0,0.242,-0.034,38.9,0.92,0.9,0.91,4,0.67,0.94,0,0.97,0.86
2023-05-01,1783.3,1762.7,-20.6,0,0.0,0.12,36.0,0.231,-0.05,38.9,0.92,0.9,0.91,5,0.83,0.94,0,0.97,1.0
2023-05-02,1783.3,1267.1,-516.2,1,0.0,0.12,32.9,0.249,-0.057,35.8,0.92,0.9,0.91,6,1.0,0.59,0,0.97,0.95
2023-05-03,1783.3,1715.8,-67.5,0,0.0,0.12,32.9,0.227,-0.085,35.8,0.92,0.9,0.91,5,0.83,0.94,0,0.97,0.98
2023-05-04,1783.3,1557.9,-225.4,1,0.0,0.12,41.9,0.218,-0.083,44.8,0.92,0.9,0.91,5,0.83,0.94,0,0.97,0.9
2023-05-05,1783.3,1512.2,-271.1,1,0.0,0.12,33.0,0.25,-0.035,35.9,0.92,0.9,0.91,5,0.83,0.94,0,0.97,0.85
2023-05-06,1783.3,1489.0,-294.3,1,0.5,0.122,29.2,0.223,-0.067,32.1,0.92,0.9,0.91,6,1.0,0.94,0,0.97,0.85
2023-05-07,1783.3,1753.1,-30.2,0,0.0,0.12,36.4,0.254,-0.017,39.3,0.92,0.9,0.91,6,1.0,0.94,0,0.97,0.94
2023-05-08,1783.3,1555.8,-227.5,1,0.0,0.12,32.4,0.261,-0.033,35.3,0.92,0.9,0.91,5,0.83,0.94,0,0.97,0.88
2023-05-09,1783.3,1400.7,-382.6,1,0.0,0.12,36.2,0.257,-0.086,39.1,0.55,0.9,0.72,4,0.67,0.94,0,0.97,0.97
2023-05-10,1783.3,1069.7,-713.6,1,0.0,0.12,45.8,0.251,-0.057,48.0,0.92,0.9,0.91,4,0.67,0.94,0,0.97,0.82
2023-05-11,1783.3,1748.3,-35.0,0,0.0,0.12,31.6,0.257,-0.057,34.5,0.92,0.9,0.91,6,1.0,0.94,0,0.97,0.94
2023-05-12,1783.3,1365.3,-418.0,1,0.0,0.12,47.1,0.25,-0.023,48.0,0.92,0.9,0.91,5,0.83,0.94,0,0.97,0.83
2023-05-13,1783.3,1691.2,-92.1,0,0.0,0.12,39.9,0.267,-0.034,42.8,0.92,0.9,0.91,6,1.0,0.94,0,0.97,0.93
2023-05-14,1783.3,1698.4,-84.9,0,0.0,0.12,38.4,0.249,-0.067,41.3,0.92,0.9,0.91,5,0.83,0.94,0,0.97,0.98
2023-05-15,1783.3,1275.7,-507.6,1,0.0,0.12,37.5,0.197,-0.014,40.4,0.92,0.9,0.91,4,0.67,0.94,0,0.97,0.93
2023-05-16,1783.3,1535.1,-248.2,1,0.0,0.12,28.7,0.252,-0.06,31.6,0.92,0.9,0.91,5,0.83,0.94,0,0.97,0.92
2023-05-17,1783.3,1565.2,-218.1,1,0.4,0.122,38.9,0.231,-0.027,41.8,0.92,0.9,0.91,5,0.83,0.94,0,0.97,0.89
2023-05-18,1783.3,1545.2,-238.1,1,0.7,0.123,41.9,0.232,-0.051,44.8,0.92,0.9,0.91,5,0.83,0.94,0,0.97,0.86
2023-05-19,1783.3,1215.7,-567.6,1,0.0,0.12,32.2,0.246,-0.08,35.1,0.92,0.9,0.91,4,0.67,0.94,0,0.97,0.87
2023-05-20,1783.3,1636.2,-147.1,0,0.0,0.12,32.4,0.216,-0.035,35.3,0.92,0.9,0.91,6,1.0,0.94,0,0.97,0.88
2023-05-21,1783.3,892.3,-891.0,1,0.0,0.12,34.5,0.218,-0.056,37.4,0.92,0.51,0.72,5,0.83,0.94,1,0.97,0.89
2023-05-22,1783.3,1703.9,-79.4,0,0.0,0.12,29.6,0.24,-0.016,32.5,0.92,0.9,0.91,6,1.0,0.94,0,0.97,0.92
2023-05-23,1783.3,1674.6,-108.7,0,1.0,0.125,29.2,0.238,-0.067,32.1,0.92,0.9,0.91,6,1.0,0.94,0,0.96,0.92
2023-05-24,1783.3,896.6,-886.7,1,0.0,0.12,47.8,0.234,-0.036,48.0,0.92,0.9,0.91,4,0.67,0.94,1,0.97,0.87
2023-05-25,1783.3,1647.4,-135.9,0,0.0,0.12,29.9,0.226,-0.04,32.8,0.92,0.9,0.91,6,1.0,0.94,0,0.97,0.91
2023-05-26,1783.3,1559.1,-224.2,1,0.0,0.12,36.5,0.211,-0.008,39.4,0.92,0.9,0.91,5,0.83,0.94,0,0.97,0.88
2023-05-27,1783.3,1203.0,-580.3,1,0.0,0.12,36.3,0.275,-0.077,39.2,0.92,0.47,0.7,6,1.0,0.94,0,0.97,0.9
2023-05-28,1783.3,1207.4,-575.9,1,0.0,0.12,42.1,0.236,-0.038,45.0,0.92,0.47,0.69,5,0.83,0.94,0,0.97,0.83
2023-05-29,1783.3,1401.6,-381.7,1,0.0,0.12,40.7,0.245,-0.083,43.6,0.92,0.9,0.91,4,0.67,0.94,0,0.97,1.0
2023-05-30,1783.3,1241.5,-541.8,1,0.0,0.12,30.8,0.219,-0.041,33.7,0.92,0.39,0.66,5,0.83,0.94,0,0.97,0.94
2023-05-31,1783.3,1457.4,-325.9,1,0.0,0.12,35.2,0.241,-0.072,38.1,0.57,0.9,0.74,5,0.83,0.94,0,0.97,0.97
2023-06-01,1683.3,1456.8,-226.5,1,4.5,0.382,24.2,0.561,0.064,25.8,0.92,0.9,0.91,5,0.83,0.73,0,0.89,0.94
2023-06-02,1683.3,1216.3,-467.0,1,0.1,0.351,29.6,0.63,0.076,31.4,0.92,0.9,0.91,4,0.67,0.94,0,0.9,0.91
2023-06-03,1683.3,1497.2,-186.1,1,1.0,0.357,24.1,0.63,0.045,25.8,0.92,0.9,0.91,5,0.83,0.94,0,0.9,0.92
2023-06-04,1683.3,1532.2,-151.1,1,4.5,0.382,30.8,0.609,0.101,32.4,0.92,0.9,0.91,5,0.83,0.94,0,0.89,0.93
2023-06-05,1683.3,1229.1,-454.2,1,2.1,0.365,22.8,0.63,0.045,24.5,0.92,0.9,0.91,4,0.67,0.94,0,0.9,0.97
2023-06-06,1683.3,1744.8,61.5,0,2.0,0.364,33.8,0.595,-0.001,35.5,0.92,0.9,0.91,6,1.0,0.94,0,0.9,0.98
2023-06-07,1683.3,1739.2,55.9,0,16.8,0.47,27.5,0.601,0.067,28.7,0.92,0.9,0.91,6,1.0,0.94,0,0.87,0.93
2023-06-08,1683.3,1071.9,-611.4,1,4.1,0.379,29.9,0.569,0.041,31.5,0.6,0.9,0.75,5,0.83,0.6,0,0.89,0.86
2023-06-09,1683.3,1303.2,-380.1,1,3.1,0.372,29.0,0.631,0.048,30.6,0.92,0.9,0.91,6,1.0,0.94,1,0.9,0.91
2023-06-10,1683.3,1355.1,-328.2,1,10.1,0.422,27.4,0.617,0.068,28.8,0.92,0.9,0.91,5,0.83,0.94,0,0.88,0.84
2023-06-11,1683.3,862.4,-820.9,1,3.9,0.378,24.8,0.623,0.017,26.4,0.92,0.9,0.91,6,1.0,0.72,1,0.89,0.83
2023-06-12,1683.3,1377.7,-305.6,1,15.2,0.458,35.3,0.564,0.055,36.5,0.92,0.9,0.91,5,0.83,0.71,0,0.87,0.89
2023-06-13,1683.3,1492.9,-190.4,1,13.7,0.448,21.7,0.591,0.102,22.9,0.92,0.54,0.73,6,1.0,0.94,0,0.87,0.93
2023-06-14,1683.3,1436.2,-247.1,1,26.1,0.537,27.0,0.621,0.128,27.8,0.59,0.9,0.75,5,0.83,0.94,0,0.85,0.95
2023-06-15,1683.3,1427.7,-255.6,1,6.6,0.397,29.5,0.631,0.048,31.0,0.92,0.9,0.91,5,0.83,0.94,0,0.89,0.9
2023-06-16,1683.3,1348.5,-334.8,1,2.6,0.369,29.2,0.619,0.071,30.9,0.59,0.9,0.74,6,1.0,0.94,0,0.9,0.91
2023-06-17,1683.3,1645.8,-37.5,0,6.2,0.394,29.5,0.596,0.077,31.0,0.92,0.9,0.91,6,1.0,0.94,0,0.89,0.91
2023-06-18,1683.3,1366.1,-317.2,1,1.6,0.362,28.6,0.581,0.033,30.3,0.92,0.9,0.91,5,0.83,0.94,0,0.9,0.89
2023-06-19,1683.3,1756.7,73.4,0,15.1,0.458,28.7,0.606,0.105,29.9,0.92,0.9,0.91,6,1.0,0.94,0,0.87,0.97
2023-06-20,1683.3,1428.9,-254.4,1,26.5,0.539,26.6,0.594,0.086,27.4,0.92,0.9,0.91,6,1.0,0.67,0,0.85,0.96
2023-06-21,1683.3,1181.8,-501.5,1,18.8,0.484,26.0,0.601,0.078,27.1,0.92,0.9,0.91,4,0.67,0.94,0,0.86,0.95
2023-06-22,1683.3,1110.8,-572.5,1,2.3,0.366,27.9,0.63,0.032,29.5,0.92,0.9,0.91,4,0.67,0.94,0,0.9,0.94
2023-06-23,1683.3,1545.5,-137.8,0,1.3,0.359,34.5,0.633,0.065,36.2,0.92,0.9,0.91,5,0.83,0.94,0,0.9,0.95
2023-06-24,1683.3,1691.5,8.2,0,0.6,0.355,26.1,0.603,0.067,27.8,0.92,0.9,0.91,6,1.0,0.94,0,0.9,0.89
2023-06-25,1683.3,1497.1,-186.2,1,2.4,0.367,27.1,0.589,0.047,28.7,0.92,0.9,0.91,5,0.83,0.94,0,0.9,0.93
2023-06-26,1683.3,1594.8,-88.5,0,8.3,0.409,24.7,0.617,0.061,26.2,0.92,0.9,0.91,6,1.0,0.94,0,0.89,0.91
2023-06-27,1683.3,1247.6,-435.7,1,35.0,0.6,24.5,0.579,0.135,25.0,0.92,0.9,0.91,5,0.83,0.94,0,0.68,0.98
2023-06-28,1683.3,1474.5,-208.8,1,3.0,0.371,29.5,0.616,0.036,31.1,0.92,0.9,0.91,5,0.83,0.94,0,0.9,0.92
2023-06-29,1683.3,1718.0,34.7,0,24.9,0.528,29.0,0.567,0.14,29.9,0.92,0.9,0.91,6,1.0,0.94,0,0.85,0.92
2023-06-30,1683.3,1407.0,-276.3,1,2.1,0.365,23.6,0.609,0.08,25.3,0.92,0.9,0.91,5,0.83,0.94,0,0.9,0.89
2023-07-01,1683.3,1299.4,-383.9,1,21.1,0.5,28.6,0.571,0.087,29.6,0.92,0.9,0.91,6,1.0,0.73,0,0.86,0.89
2023-07-02,1683.3,775.5,-907.8,1,83.1,0.944,26.7,0.591,0.237,25.5,0.92,0.9,0.91,5,0.83,0.94,1,0.59,0.96
2023-07-03,1683.3,1478.0,-205.3,1,0.6,0.354,25.9,0.595,0.028,27.6,0.92,0.9,0.91,5,0.83,0.94,0,0.9,0.91
2023-07-04,1683.3,1572.2,-111.1,0,3.0,0.372,33.4,0.579,0.077,35.1,0.92,0.9,0.91,5,0.83,0.94,0,0.9,0.96
2023-07-05,1683.3,694.3,-989.0,1,88.4,0.95,26.6,0.614,0.298,25.4,0.67,0.9,0.79,5,0.83,0.94,1,0.58,0.88
2023-07-06,1683.3,1821.9,138.6,0,2.6,0.368,24.1,0.576,0.028,25.8,0.92,0.9,0.91,6,1.0,0.94,0,0.9,0.98
2023-07-07,1683.3,1222.2,-461.1,1,4.1,0.379,27.6,0.601,0.042,29.2,0.63,0.9,0.77,5,0.83,0.94,0,0.89,0.88
2023-07-08,1683.3,1433.9,-249.4,1,2.6,0.369,32.7,0.588,0.033,34.4,0.92,0.9,0.91,5,0.83,0.74,0,0.9,0.94
2023-07-09,1683.3,1673.3,-10.0,0,9.7,0.419,24.8,0.574,0.056,26.3,0.92,0.9,0.91,6,1.0,0.94,0,0.88,0.95
2023-07-10,1683.3,1441.5,-241.8,1,14.7,0.455,32.4,0.6,0.104,33.7,0.92,0.9,0.91,5,0.83,0.94,0,0.87,0.95
2023-07-11,1683.3,1307.3,-376.0,1,43.4,0.66,28.9,0.628,0.132,29.1,0.92,0.9,0.91,6,1.0,0.94,0,0.67,0.89
2023-07-12,1683.3,817.5,-865.8,1,54.0,0.736,32.2,0.611,0.152,32.0,0.92,0.9,0.91,5,0.83,0.94,1,0.64,0.91
2023-07-13,1683.3,1103.7,-579.6,1,1.8,0.363,27.1,0.619,0.056,28.8,0.92,0.44,0.68,4,0.67,0.94,0,0.9,0.86
2023-07-14,1683.3,1386.7,-296.6,1,1.8,0.363,28.9,0.622,0.034,30.6,0.68,0.9,0.79,5,0.83,0.94,0,0.9,0.92
2023-07-15,1683.3,1313.5,-369.8,1,6.3,0.395,26.9,0.584,0.086,28.4,0.92,0.9,0.91,5,0.83,0.94,0,0.89,0.84
2023-07-16,1683.3,1525.4,-157.9,1,9.4,0.417,27.0,0.594,0.036,28.4,0.92,0.9,0.91,5,0.83,0.94,0,0.88,0.94
2023-07-17,1683.3,1325.3,-358.0,1,20.2,0.494,29.7,0.611,0.118,30.7,0.92,0.9,0.91,5,0.83,0.94,0,0.86,0.9
2023-07-18,1683.3,526.3,-1157.0,1,129.2,0.95,26.5,0.648,0.26,25.2,0.92,0.9,0.91,6,1.0,0.94,2,0.58,0.92
2023-07-19,1683.3,1379.0,-304.3,1,19.2,0.487,30.2,0.588,0.13,31.3,0.92,0.9,0.91,5,0.83,0.94,0,0.86,0.89
2023-07-20,1683.3,1720.5,37.2,0,1.8,0.363,26.7,0.625,0.059,28.4,0.92,0.9,0.91,6,1.0,0.94,0,0.9,0.92
2023-07-21,1683.3,1108.4,-574.9,1,44.2,0.666,29.4,0.618,0.125,29.6,0.92,0.9,0.91,5,0.83,0.94,0,0.66,0.89
2023-07-22,1683.3,1037.5,-645.8,1,0.9,0.357,28.0,0.579,0.01,29.7,0.92,0.9,0.91,5,0.83,0.94,1,0.9,0.92
2023-07-23,1683.3,1542.1,-141.2,0,14.1,0.451,26.1,0.608,0.081,27.3,0.92,0.9,0.91,5,0.83,0.94,0,0.87,0.97
2023-07-24,1683.3,1909.2,225.9,0,4.3,0.381,30.3,0.613,0.078,31.9,0.92,0.9,0.91,6,1.0,0.94,0,0.89,1.0
2023-07-25,1683.3,1680.0,-3.3,0,8.2,0.409,26.0,0.604,0.103,27.4,0.92,0.9,0.91,6,1.0,0.94,0,0.89,0.91
2023-07-26,1683.3,1361.0,-322.3,1,18.1,0.48,24.1,0.614,0.079,25.2,0.92,0.9,0.91,5,0.83,0.94,0,0.87,0.88
2023-07-27,1683.3,1100.4,-582.9,1,20.4,0.496,27.5,0.558,0.08,28.5,0.92,0.9,0.91,4,0.67,0.94,0,0.86,0.92
2023-07-28,1683.3,1538.5,-144.8,0,2.6,0.369,26.2,0.58,0.031,27.8,0.92,0.9,0.91,6,1.0,0.94,0,0.9,0.86
2023-07-29,1683.3,1471.7,-211.6,1,2.0,0.364,32.0,0.595,0.026,33.6,0.92,0.9,0.91,5,0.83,0.94,0,0.9,0.94
2023-07-30,1683.3,392.5,-1290.8,1,64.2,0.809,29.2,0.587,0.262,28.6,0.92,0.57,0.74,4,0.67,0.94,2,0.62,0.95
2023-07-31,1683.3,571.8,-1111.5,1,45.2,0.673,30.8,0.598,0.131,31.0,0.92,0.41,0.67,5,0.83,0.67,2,0.66,0.99
2023-08-01,1683.3,1065.3,-618.0,1,1.1,0.358,24.0,0.603,0.065,25.7,0.92,0.9,0.91,5,0.83,0.58,0,0.9,0.88
2023-08-02,1683.3,1683.1,-0.2,0,1.5,0.36,29.2,0.588,-0.018,30.9,0.92,0.9,0.91,6,1.0,0.94,0,0.9,0.9
2023-08-03,1683.3,1561.9,-121.4,0,4.0,0.378,26.7,0.595,0.044,28.3,0.92,0.9,0.91,5,0.83,0.94,0,0.89,0.95
2023-08-04,1683.3,1457.7,-225.6,1,8.3,0.41,28.4,0.569,0.075,29.8,0.92,0.9,0.91,5,0.83,0.94,0,0.89,0.87
2023-08-05,1683.3,1459.2,-224.1,1,38.1,0.622,26.5,0.619,0.127,26.9,0.92,0.9,0.91,6,1.0,0.94,0,0.68,0.96
2023-08-06,1683.3,1432.6,-250.7,1,12.0,0.436,31.8,0.593,0.083,33.1,0.92,0.9,0.91,5,0.83,0.94,0,0.88,0.91
2023-08-07,1683.3,358.0,-1325.3,1,99.6,0.95,28.7,0.597,0.278,27.4,0.92,0.9,0.91,5,0.83,0.94,2,0.58,0.9
2023-08-08,1683.3,1632.2,-51.1,0,21.4,0.503,27.3,0.605,0.098,28.2,0.92,0.9,0.91,6,1.0,0.94,0,0.86,0.84
2023-08-09,1683.3,1292.6,-390.7,1,34.9,0.599,22.7,0.586,0.144,23.2,0.92,0.9,0.91,6,1.0,0.94,0,0.68,0.86
2023-08-10,1683.3,782.4,-900.9,1,3.0,0.371,26.4,0.612,0.073,28.0,0.55,0.34,0.44,5,0.83,0.94,0,0.9,0.95
2023-08-11,1683.3,1186.0,-497.3,1,4.7,0.384,26.0,0.576,0.03,27.6,0.92,0.9,0.91,4,0.67,0.94,0,0.89,0.95
2023-08-12,1683.3,1291.0,-392.3,1,22.1,0.508,26.4,0.621,0.083,27.4,0.92,0.9,0.91,5,0.83,0.94,0,0.86,0.9
2023-08-13,1683.3,411.8,-1271.5,1,66.1,0.822,26.8,0.589,0.244,26.2,0.92,0.42,0.67,4,0.67,0.94,2,0.62,0.93
2023-08-14,1683.3,1699.6,16.3,0,15.4,0.46,26.5,0.56,0.082,27.7,0.92,0.9,0.91,6,1.0,0.94,0,0.87,0.92
2023-08-15,1683.3,1243.6,-439.7,1,5.9,0.392,29.5,0.611,0.096,31.1,0.92,0.9,0.91,4,0.67,0.94,0,0.89,0.97
2023-08-16,1683.3,498.5,-1184.8,1,48.7,0.698,24.5,0.6,0.198,24.5,0.92,0.9,0.91,5,0.83,0.94,2,0.65,0.91
2023-08-17,1683.3,1151.6,-531.7,1,0.7,0.355,28.9,0.581,0.077,30.6,0.92,0.9,0.91,4,0.67,0.94,0,0.9,0.91
2023-08-18,1683.3,1875.9,192.6,0,28.4,0.553,29.2,0.612,0.142,29.9,0.92,0.9,0.91,6,1.0,0.94,0,0.85,0.99
2023-08-19,1683.3,1209.7,-473.6,1,2.3,0.367,24.1,0.563,0.032,25.8,0.92,0.9,0.91,4,0.67,0.94,0,0.9,0.94
2023-08-20,1683.3,877.2,-806.1,1,115.3,0.95,27.1,0.594,0.305,25.8,0.92,0.9,0.91,6,1.0,0.94,1,0.58,0.93
2023-08-21,1683.3,435.7,-1247.6,1,92.7,0.95,32.3,0.606,0.258,31.1,0.92,0.9,0.91,5,0.83,0.94,3,0.58,0.93
2023-08-22,1683.3,1428.9,-254.4,1,1.2,0.359,23.7,0.604,0.054,25.5,0.92,0.9,0.91,5,0.83,0.94,0,0.9,0.92
2023-08-23,1683.3,1535.9,-147.4,0,1.5,0.361,25.2,0.561,0.036,26.9,0.92,0.9,0.91,5,0.83,0.94,0,0.9,0.93
2023-08-24,1683.3,1433.0,-250.3,1,4.2,0.38,27.4,0.606,0.039,29.0,0.92,0.9,0.91,5,0.83,0.94,0,0.89,0.89
2023-08-25,1683.3,1392.4,-290.9,1,22.2,0.509,27.4,0.59,0.107,28.3,0.92,0.9,0.91,5,0.83,0.94,0,0.86,0.96
2023-08-26,1683.3,1559.0,-124.3,0,4.6,0.383,25.2,0.606,0.078,26.8,0.92,0.9,0.91,5,0.83,0.94,0,0.89,0.97
2023-08-27,1683.3,1022.7,-660.6,1,10.0,0.421,26.4,0.6,0.056,27.8,0.92,0.9,0.91,5,0.83,0.55,0,0.88,0.86
2023-08-28,1683.3,1452.9,-230.4,1,3.4,0.375,24.8,0.607,0.048,26.4,0.92,0.9,0.91,5,0.83,0.94,0,0.9,0.89
2023-08-29,1683.3,880.3,-803.0,1,12.8,0.441,28.8,0.565,0.046,30.1,0.53,0.42,0.48,5,0.83,0.94,0,0.88,0.88
2023-08-30,1683.3,966.9,-716.4,1,30.3,0.566,22.3,0.558,0.145,23.0,0.92,0.9,0.91,5,0.83,0.94,1,0.69,0.93
2023-08-31,1683.3,961.6,-721.7,1,3.0,0.372,24.0,0.601,0.017,25.7,0.4,0.9,0.65,4,0.67,0.94,0,0.9,0.85
2023-09-01,1683.3,1793.8,110.5,0,5.3,0.388,30.8,0.6,0.026,32.4,0.92,0.9,0.91,6,1.0,0.94,0,0.89,0.95
2023-09-02,1683.3,667.0,-1016.3,1,47.0,0.686,32.3,0.614,0.197,32.3,0.92,0.9,0.91,6,1.0,0.94,2,0.66,0.89
2023-09-03,1683.3,1551.4,-131.9,0,2.5,0.368,33.8,0.608,0.041,35.5,0.92,0.9,0.91,5,0.83,0.94,0,0.9,0.91
2023-09-04,1683.3,1470.4,-212.9,1,2.8,0.37,24.3,0.613,0.053,26.0,0.92,0.9,0.91,5,0.83,0.94,0,0.9,0.93
2023-09-05,1683.3,689.0,-994.3,1,51.8,0.72,25.3,0.625,0.19,25.2,0.92,0.9,0.91,6,1.0,0.94,2,0.65,0.97
2023-09-06,1683.3,1205.1,-478.2,1,4.3,0.381,29.4,0.622,0.056,31.0,0.92,0.9,0.91,4,0.67,0.94,0,0.89,0.89
2023-09-07,1683.3,1347.8,-335.5,1,31.8,0.577,28.0,0.562,0.145,28.6,0.92,0.9,0.91,6,1.0,0.94,0,0.69,0.92
2023-09-08,1683.3,1123.3,-560.0,1,17.9,0.478,27.8,0.594,0.108,28.9,0.92,0.9,0.91,4,0.67,0.94,0,0.87,0.92
2023-09-09,1683.3,1158.5,-524.8,1,1.1,0.358,28.6,0.561,0.039,30.3,0.92,0.9,0.91,4,0.67,0.94,0,0.9,0.89
2023-09-10,1683.3,1713.7,30.4,0,1.1,0.358,29.1,0.608,0.043,30.8,0.92,0.9,0.91,6,1.0,0.94,0,0.9,0.93
2023-09-11,1683.3,1604.8,-78.5,0,0.1,0.351,31.0,0.607,0.064,32.7,0.92,0.9,0.91,6,1.0,0.94,0,0.9,0.88
2023-09-12,1683.3,1382.7,-300.6,1,1.4,0.36,31.1,0.646,0.039,32.8,0.68,0.9,0.79,5,0.83,0.62,0,0.9,1.0
2023-09-13,1683.3,1489.8,-193.5,1,3.0,0.372,31.1,0.58,0.054,32.7,0.92,0.9,0.91,5,0.83,0.94,0,0.9,0.89
2023-09-14,1683.3,1087.7,-595.6,1,40.6,0.64,28.8,0.606,0.209,29.1,0.92,0.9,0.91,5,0.83,0.94,0,0.67,0.92
2023-09-15,1683.3,1633.6,-49.7,0,3.6,0.376,28.2,0.591,0.079,29.8,0.92,0.9,0.91,6,1.0,0.94,0,0.89,0.89
2023-09-16,1683.3,1290.0,-393.3,1,0.5,0.353,30.9,0.62,0.028,32.7,0.92,0.9,0.91,5,0.83,0.94,0,0.9,0.84
2023-09-17,1683.3,655.7,-1027.6,1,59.8,0.777,30.1,0.623,0.21,29.7,0.92,0.9,0.91,6,1.0,0.94,2,0.63,0.91
2023-09-18,1683.3,1360.5,-322.8,1,30.7,0.569,25.1,0.595,0.075,25.8,0.92,0.9,0.91,6,1.0,0.94,0,0.69,0.89
2023-09-19,1683.3,1756.3,73.0,0,26.1,0.536,26.7,0.623,0.107,27.6,0.92,0.9,0.91,6,1.0,0.94,0,0.85,0.97
2023-09-20,1683.3,1709.8,26.5,0,29.7,0.562,33.5,0.593,0.139,34.2,0.92,0.9,0.91,6,1.0,0.94,0,0.84,0.93
2023-09-21,1683.3,1411.5,-271.8,1,0.7,0.355,27.8,0.579,0.075,29.6,0.92,0.9,0.91,5,0.83,0.94,0,0.9,0.9
2023-09-22,1683.3,1554.6,-128.7,0,0.4,0.353,28.3,0.582,0.072,30.1,0.92,0.9,0.91,6,1.0,0.94,0,0.9,0.86
2023-09-23,1683.3,1533.8,-149.5,0,0.4,0.353,32.0,0.624,0.05,33.7,0.92,0.9,0.91,5,0.83,0.94,0,0.9,0.96
2023-09-24,1683.3,1076.8,-606.5,1,27.7,0.548,28.1,0.593,0.101,28.8,0.92,0.9,0.91,5,0.83,0.56,0,0.85,0.96
2023-09-25,1683.3,1262.4,-420.9,1,23.7,0.52,29.9,0.615,0.105,30.8,0.92,0.9,0.91,5,0.83,0.94,0,0.85,0.85
2023-09-26,1683.3,1550.6,-132.7,0,1.4,0.36,27.2,0.606,0.041,28.9,0.92,0.9,0.91,5,0.83,0.94,0,0.9,0.96
2023-09-27,1683.3,660.5,-1022.8,1,70.4,0.853,22.4,0.627,0.234,21.6,0.92,0.51,0.72,4,0.67,0.94,1,0.61,0.97
2023-09-28,1683.3,712.9,-970.4,1,69.1,0.844,29.7,0.59,0.23,29.0,0.57,0.9,0.74,5,0.83,0.94,1,0.61,0.9
2023-09-29,1683.3,1014.6,-668.7,1,0.3,0.352,29.7,0.605,0.034,31.4,0.92,0.9,0.91,4,0.67,0.94,1,0.9,0.99
2023-09-30,1683.3,1690.4,7.1,0,18.4,0.481,29.9,0.633,0.095,31.0,0.92,0.9,0.91,6,1.0,0.94,0,0.87,0.93
2023-10-01,1783.3,1126.5,-656.8,1,0.9,0.125,29.1,0.278,-0.066,32.0,0.92,0.9,0.91,5,0.83,0.65,0,0.97,0.88
2023-10-02,1783.3,1477.6,-305.7,1,0.0,0.12,27.0,0.261,-0.043,29.9,0.92,0.9,0.91,5,0.83,0.94,0,0.97,0.87
2023-10-03,1783.3,1786.6,3.3,0,0.0,0.12,24.1,0.221,-0.068,27.0,0.92,0.9,0.91,6,1.0,0.94,0,0.97,0.96
2023-10-04,1783.3,1584.9,-198.4,1,0.0,0.12,26.4,0.246,-0.043,29.3,0.92,0.9,0.91,5,0.83,0.94,0,0.97,0.94
2023-10-05,1783.3,1740.4,-42.9,0,0.0,0.12,25.9,0.275,-0.045,28.8,0.92,0.9,0.91,5,0.83,0.94,0,0.97,1.0
2023-10-06,1783.3,1264.0,-519.3,1,0.0,0.12,26.4,0.283,-0.081,29.3,0.92,0.9,0.91,4,0.67,0.94,0,0.97,0.87
2023-10-07,1783.3,1735.9,-47.4,0,0.0,0.12,25.6,0.248,-0.033,28.5,0.92,0.9,0.91,6,1.0,0.94,0,0.97,1.0
2023-10-08,1783.3,1127.2,-656.1,1,0.0,0.12,23.6,0.249,-0.052,26.5,0.92,0.43,0.67,5,0.83,0.94,0,0.97,0.88
2023-10-09,1783.3,1601.1,-182.2,1,0.0,0.12,15.5,0.238,-0.07,20.0,0.92,0.9,0.91,5,0.83,0.94,0,0.97,0.92
2023-10-10,1783.3,1517.8,-265.5,1,0.0,0.12,26.3,0.216,-0.028,29.2,0.92,0.9,0.91,5,0.83,0.94,0,0.97,0.87
2023-10-11,1783.3,1701.0,-82.3,0,0.0,0.12,26.6,0.215,-0.068,29.5,0.92,0.9,0.91,6,1.0,0.94,0,0.97,0.95
2023-10-12,1783.3,1388.1,-395.2,1,0.0,0.12,23.2,0.252,-0.006,26.1,0.92,0.9,0.91,4,0.67,0.94,0,0.97,0.91
2023-10-13,1783.3,1514.1,-269.2,1,0.0,0.12,17.7,0.253,-0.01,20.6,0.92,0.9,0.91,5,0.83,0.94,0,0.97,0.91
2023-10-14,1783.3,1639.8,-143.5,0,0.0,0.12,23.4,0.261,-0.055,26.3,0.92,0.9,0.91,6,1.0,0.94,0,0.97,0.89
2023-10-15,1783.3,1672.8,-110.5,0,0.0,0.12,27.6,0.281,-0.063,30.5,0.92,0.9,0.91,5,0.83,0.94,0,0.97,0.96
2023-10-16,1783.3,1187.6,-595.7,1,0.0,0.12,19.1,0.25,-0.054,22.0,0.92,0.35,0.63,5,0.83,0.94,0,0.97,0.92
2023-10-17,1783.3,1647.7,-135.6,0,0.0,0.12,24.5,0.284,-0.043,27.4,0.92,0.9,0.91,6,1.0,0.94,0,0.97,0.93
2023-10-18,1783.3,1459.6,-323.7,1,0.0,0.12,26.2,0.245,-0.055,29.1,0.92,0.9,0.91,5,0.83,0.94,0,0.97,0.85
2023-10-19,1783.3,1237.8,-545.5,1,0.0,0.12,20.9,0.251,-0.034,23.8,0.92,0.9,0.91,4,0.67,0.94,0,0.97,0.94
2023-10-20,1783.3,1234.7,-548.6,1,0.0,0.12,27.3,0.265,-0.071,30.2,0.92,0.9,0.91,4,0.67,0.94,0,0.97,0.88
2023-10-21,1783.3,1257.0,-526.3,1,0.0,0.12,29.4,0.238,-0.055,32.3,0.92,0.56,0.74,6,1.0,0.94,0,0.97,0.87
2023-10-22,1783.3,1724.2,-59.1,0,0.0,0.12,21.9,0.286,-0.06,24.8,0.92,0.9,0.91,5,0.83,0.94,0,0.97,0.93
2023-10-23,1783.3,1259.8,-523.5,1,0.0,0.12,29.5,0.247,-0.014,32.4,0.92,0.47,0.69,6,1.0,0.94,0,0.97,0.86
2023-10-24,1783.3,1677.9,-105.4,0,0.0,0.12,22.4,0.248,-0.057,25.3,0.92,0.9,0.91,5,0.83,0.94,0,0.97,0.96
2023-10-25,1783.3,1550.6,-232.7,1,0.0,0.12,26.2,0.226,-0.059,29.1,0.92,0.9,0.91,5,0.83,0.94,0,0.97,0.91
2023-10-26,1783.3,1676.8,-106.5,0,0.0,0.12,23.6,0.243,-0.053,26.5,0.92,0.9,0.91,6,1.0,0.94,0,0.97,0.94
2023-10-27,1783.3,1665.1,-118.2,0,0.0,0.12,17.5,0.232,-0.085,20.4,0.92,0.9,0.91,5,0.83,0.94,0,0.97,0.92
2023-10-28,1783.3,1777.2,-6.1,0,0.0,0.12,18.7,0.234,-0.033,21.6,0.92,0.9,0.91,6,1.0,0.94,0,0.97,0.98
2023-10-29,1783.3,1805.9,22.6,0,0.0,0.12,27.1,0.275,-0.04,30.0,0.92,0.9,0.91,6,1.0,0.94,0,0.97,1.0
2023-10-30,1783.3,1695.5,-87.8,0,0.0,0.12,23.2,0.265,-0.047,26.1,0.92,0.9,0.91,5,0.83,0.94,0,0.97,0.93
2023-10-31,1783.3,1496.8,-286.5,1,0.0,0.12,20.7,0.26,-0.089,23.6,0.92,0.9,0.91,5,0.83,0.94,0,0.97,0.87
2023-11-01,1783.3,1446.8,-336.5,1,0.0,0.12,22.6,0.229,-0.04,25.5,0.56,0.9,0.73,5,0.83,0.94,0,0.97,0.98
2023-11-02,1783.3,1188.5,-594.8,1,0.0,0.12,28.1,0.218,-0.083,31.0,0.42,0.9,0.66,5,0.83,0.94,0,0.97,0.93
2023-11-03,1783.3,1584.2,-199.1,1,0.0,0.12,24.2,0.237,-0.015,27.1,0.92,0.9,0.91,6,1.0,0.94,0,0.97,0.85
2023-11-04,1783.3,1690.3,-93.0,0,0.0,0.12,18.7,0.241,-0.031,21.6,0.92,0.9,0.91,5,0.83,0.94,0,0.97,0.95
2023-11-05,1783.3,1322.2,-461.1,1,0.0,0.12,22.1,0.25,-0.047,25.0,0.92,0.56,0.74,6,1.0,0.94,0,0.97,0.88
2023-11-06,1783.3,1120.2,-663.1,1,0.0,0.12,16.8,0.283,-0.053,20.0,0.92,0.43,0.67,6,1.0,0.94,0,0.97,0.82
2023-11-07,1783.3,1442.8,-340.5,1,0.0,0.12,22.4,0.22,-0.05,25.3,0.92,0.9,0.91,5,0.83,0.94,0,0.97,0.86
2023-11-08,1783.3,1736.4,-46.9,0,0.0,0.12,27.8,0.253,-0.062,30.7,0.92,0.9,0.91,6,1.0,0.94,0,0.97,0.94
2023-11-09,1783.3,1564.2,-219.1,1,0.0,0.12,30.5,0.237,-0.045,33.4,0.92,0.9,0.91,6,1.0,0.94,0,0.97,0.9
2023-11-10,1783.3,1115.3,-668.0,1,0.0,0.12,22.3,0.23,-0.056,25.2,0.92,0.9,0.91,4,0.67,0.94,0,0.97,0.88
2023-11-11,1783.3,1381.5,-401.8,1,0.0,0.12,26.1,0.227,-0.052,29.0,0.92,0.52,0.72,5,0.83,0.94,0,0.97,0.94
2023-11-12,1783.3,1132.7,-650.6,1,0.0,0.12,20.7,0.258,-0.066,23.6,0.92,0.35,0.63,6,1.0,0.94,0,0.97,0.88
2023-11-13,1783.3,1255.9,-527.4,1,0.0,0.12,19.4,0.258,-0.097,22.3,0.92,0.9,0.91,6,1.0,0.73,0,0.97,0.86
2023-11-14,1783.3,1817.9,34.6,0,0.0,0.12,23.4,0.254,-0.057,26.3,0.92,0.9,0.91,6,1.0,0.94,0,0.97,0.98
2023-11-15,1783.3,1679.9,-103.4,0,0.0,0.12,26.8,0.259,-0.073,29.7,0.92,0.9,0.91,6,1.0,0.94,0,0.97,0.95
2023-11-16,1783.3,1755.6,-27.7,0,0.0,0.12,28.8,0.25,-0.059,31.7,0.92,0.9,0.91,6,1.0,0.94,0,0.97,0.94
2023-11-17,1783.3,1612.1,-171.2,1,0.0,0.12,21.6,0.263,-0.057,24.5,0.92,0.9,0.91,5,0.83,0.94,0,0.97,0.93
2023-11-18,1783.3,1572.5,-210.8,1,0.0,0.12,18.8,0.278,-0.078,21.7,0.92,0.9,0.91,5,0.83,0.94,0,0.97,0.91
2023-11-19,1783.3,1606.4,-176.9,1,0.0,0.12,27.0,0.26,-0.074,29.9,0.92,0.9,0.91,5,0.83,0.94,0,0.97,0.92
2023-11-20,1783.3,1273.2,-510.1,1,0.0,0.12,21.5,0.223,-0.068,24.4,0.92,0.9,0.91,4,0.67,0.94,0,0.97,0.9
2023-11-21,1783.3,1203.5,-579.8,1,3.2,0.136,27.8,0.244,-0.073,30.6,0.92,0.9,0.91,4,0.67,0.94,0,0.96,0.88
2023-11-22,1783.3,1375.8,-407.5,1,0.0,0.12,22.6,0.246,-0.047,25.5,0.92,0.57,0.75,6,1.0,0.94,0,0.97,0.93
2023-11-23,1783.3,1458.8,-324.5,1,0.0,0.12,16.8,0.246,-0.005,20.0,0.92,0.9,0.91,5,0.83,0.94,0,0.97,0.89
2023-11-24,1783.3,1362.8,-420.5,1,0.0,0.12,17.7,0.273,-0.041,20.6,0.92,0.51,0.71,5,0.83,0.94,0,0.97,0.95
2023-11-25,1783.3,1651.3,-132.0,0,0.9,0.124,27.7,0.253,-0.047,30.6,0.92,0.9,0.91,6,1.0,0.94,0,0.97,0.91
2023-11-26,1783.3,1255.8,-527.5,1,0.0,0.12,22.3,0.233,-0.029,25.2,0.92,0.9,0.91,4,0.67,0.94,0,0.97,0.93
2023-11-27,1783.3,1231.1,-552.2,1,0.0,0.12,20.3,0.258,-0.035,23.2,0.92,0.9,0.91,4,0.67,0.94,0,0.97,0.89
2023-11-28,1783.3,1704.1,-79.2,0,2.1,0.131,26.4,0.26,-0.016,29.3,0.92,0.9,0.91,6,1.0,0.94,0,0.96,0.92
2023-11-29,1783.3,1751.5,-31.8,0,2.8,0.134,28.8,0.238,-0.038,31.7,0.92,0.9,0.91,6,1.0,0.94,0,0.96,0.93
2023-11-30,1783.3,1258.0,-525.3,1,0.0,0.12,22.9,0.249,-0.041,25.8,0.92,0.9,0.91,4,0.67,0.94,0,0.97,0.93
2023-12-01,1783.3,1612.2,-171.1,1,0.0,0.12,30.8,0.253,-0.016,33.7,0.92,0.9,0.91,5,0.83,0.94,0,0.97,0.9
2023-12-02,1783.3,1350.2,-433.1,1,0.0,0.12,30.8,0.256,-0.069,33.7,0.92,0.9,0.91,4,0.67,0.94,0,0.97,0.92
2023-12-03,1783.3,1646.5,-136.8,0,0.0,0.12,27.8,0.252,-0.065,30.7,0.92,0.9,0.91,6,1.0,0.94,0,0.97,0.92
2023-12-04,1783.3,1717.9,-65.4,0,0.0,0.12,31.5,0.259,-0.06,34.4,0.92,0.9,0.91,5,0.83,0.94,0,0.97,0.99
2023-12-05,1783.3,1213.9,-569.4,1,0.0,0.12,25.9,0.246,-0.037,28.8,0.92,0.9,0.91,4,0.67,0.94,0,0.97,0.86
2023-12-06,1783.3,1656.8,-126.5,0,0.0,0.12,31.1,0.235,-0.032,34.0,0.92,0.9,0.91,5,0.83,0.94,0,0.97,0.96
2023-12-07,1783.3,1772.9,-10.4,0,0.6,0.123,27.4,0.262,-0.069,30.3,0.92,0.9,0.91,6,1.0,0.94,0,0.97,0.93
2023-12-08,1783.3,1510.3,-273.0,1,0.0,0.12,23.7,0.276,-0.054,26.6,0.92,0.9,0.91,5,0.83,0.94,0,0.97,0.88
2023-12-09,1783.3,1649.9,-133.4,0,0.0,0.12,27.3,0.235,-0.053,30.2,0.92,0.9,0.91,6,1.0,0.94,0,0.97,0.93
2023-12-10,1783.3,1679.1,-104.2,0,4.6,0.143,22.3,0.241,-0.045,25.1,0.92,0.9,0.91,6,1.0,0.94,0,0.96,0.96
2023-12-11,1783.3,1880.1,96.8,0,0.0,0.12,29.7,0.22,-0.074,32.6,0.92,0.9,0.91,6,1.0,0.94,0,0.97,1.0
2023-12-12,1783.3,888.8,-894.5,1,0.0,0.12,22.9,0.251,-0.06,25.8,0.92,0.9,0.91,4,0.67,0.94,1,0.97,0.94
2023-12-13,1783.3,1464.4,-318.9,1,0.0,0.12,21.2,0.265,-0.073,24.1,0.55,0.9,0.72,6,1.0,0.94,0,0.97,0.99
2023-12-14,1783.3,1549.1,-234.2,1,1.9,0.129,29.1,0.258,-0.047,31.9,0.92,0.9,0.91,6,1.0,0.94,0,0.96,0.87
2023-12-15,1783.3,1355.8,-427.5,1,0.0,0.12,23.9,0.261,-0.06,26.8,0.92,0.9,0.91,4,0.67,0.94,0,0.97,0.97
2023-12-16,1783.3,1328.5,-454.8,1,0.0,0.12,20.8,0.231,-0.042,23.7,0.92,0.9,0.91,4,0.67,0.94,0,0.97,0.98
2023-12-17,1783.3,1491.4,-291.9,1,0.0,0.12,24.9,0.255,-0.072,27.8,0.92,0.9,0.91,5,0.83,0.94,0,0.97,0.92
2023-12-18,1783.3,1212.7,-570.6,1,0.5,0.122,29.2,0.266,-0.032,32.1,0.92,0.9,0.91,5,0.83,0.94,1,0.97,0.94
2023-12-19,1783.3,1234.0,-549.3,1,0.0,0.12,21.2,0.226,-0.078,24.1,0.92,0.9,0.91,4,0.67,0.94,0,0.97,0.88
2023-12-20,1783.3,1356.0,-427.3,1,0.0,0.12,21.1,0.239,-0.062,24.0,0.67,0.9,0.78,6,1.0,0.94,0,0.97,0.87
2023-12-21,1783.3,1458.7,-324.6,1,0.3,0.121,22.0,0.276,-0.033,24.9,0.92,0.53,0.73,6,1.0,0.94,0,0.97,1.0
2023-12-22,1783.3,1606.9,-176.4,1,0.0,0.12,23.5,0.257,-0.07,26.4,0.92,0.9,0.91,5,0.83,0.94,0,0.97,0.9
2023-12-23,1783.3,1392.5,-390.8,1,0.0,0.12,18.5,0.275,-0.061,21.4,0.92,0.57,0.75,5,0.83,0.94,0,0.97,0.91
2023-12-24,1783.3,1609.3,-174.0,1,0.0,0.12,22.8,0.255,-0.045,25.7,0.92,0.9,0.91,5,0.83,0.94,0,0.97,0.97
2023-12-25,1783.3,1357.6,-425.7,1,0.0,0.12,21.5,0.257,-0.054,24.4,0.92,0.9,0.91,6,1.0,0.68,0,0.97,0.92
2023-12-26,1783.3,1753.0,-30.3,0,0.0,0.12,24.6,0.238,-0.039,27.5,0.92,0.9,0.91,6,1.0,0.94,0,0.97,0.94
2023-12-27,1783.3,1504.8,-278.5,1,0.0,0.12,26.9,0.245,-0.062,29.8,0.92,0.9,0.91,5,0.83,0.71,0,0.97,0.99
2023-12-28,1783.3,1594.6,-188.7,1,0.0,0.12,24.4,0.262,-0.06,27.3,0.92,0.9,0.91,6,1.0,0.94,0,0.97,0.91
2023-12-29,1783.3,1273.6,-509.7,1,1.5,0.128,17.5,0.22,-0.08,20.4,0.92,0.58,0.75,4,0.67,0.71,0,0.96,0.92
2023-12-30,1783.3,1558.2,-225.1,1,0.3,0.122,20.7,0.269,-0.042,23.6,0.92,0.9,0.91,5,0.83,0.94,0,0.97,0.92
2023-12-31,1783.3,1706.5,-76.8,0,0.0,0.12,24.5,0.288,-0.052,27.4,0.92,0.9,0.91,6,1.0,0.94,0,0.97,0.92
2024-01-01,1783.3,1356.0,-427.3,1,0.0,0.12,25.1,0.241,-0.048,28.0,0.92,0.55,0.74,5,0.83,0.94,0,0.97,0.89
2024-01-02,1783.3,1616.2,-167.1,1,3.1,0.136,30.0,0.224,0.006,32.8,0.92,0.9,0.91,6,1.0,0.94,0,0.96,0.88
2024-01-03,1783.3,1666.0,-117.3,0,1.2,0.126,27.3,0.22,-0.061,30.1,0.92,0.9,0.91,5,0.83,0.94,0,0.96,0.92
2024-01-04,1783.3,1674.2,-109.1,0,1.0,0.125,26.7,0.232,-0.048,29.6,0.92,0.9,0.91,5,0.83,0.94,0,0.96,0.92
2024-01-05,1783.3,1793.5,10.2,0,0.0,0.12,20.8,0.26,-0.066,23.7,0.92,0.9,0.91,6,1.0,0.94,0,0.97,0.96
2024-01-06,1783.3,1380.8,-402.5,1,0.0,0.12,21.7,0.228,-0.018,24.6,0.92,0.49,0.71,5,0.83,0.94,0,0.97,0.96
2024-01-07,1783.3,1694.8,-88.5,0,0.0,0.12,24.2,0.259,-0.052,27.1,0.92,0.9,0.91,5,0.83,0.94,0,0.97,0.96
2024-01-08,1783.3,1692.7,-90.6,0,0.0,0.12,31.4,0.237,-0.046,34.3,0.92,0.9,0.91,5,0.83,0.94,0,0.97,0.9
2024-01-09,1783.3,1234.4,-548.9,1,0.0,0.12,23.1,0.255,-0.034,26.0,0.92,0.38,0.65,6,1.0,0.94,0,0.97,0.89
2024-01-10,1783.3,1573.7,-209.6,1,0.0,0.12,27.2,0.229,-0.036,30.1,0.92,0.9,0.91,6,1.0,0.94,0,0.97,0.89
2024-01-11,1783.3,1709.4,-73.9,0,0.0,0.12,19.7,0.256,-0.059,22.6,0.92,0.9,0.91,6,1.0,0.94,0,0.97,0.96
2024-01-12,1783.3,1657.7,-125.6,0,1.3,0.126,22.4,0.222,-0.076,25.3,0.92,0.9,0.91,5,0.83,0.94,0,0.96,0.97
2024-01-13,1783.3,1692.0,-91.3,0,0.0,0.12,28.4,0.263,-0.071,31.3,0.92,0.9,0.91,6,1.0,0.94,0,0.97,0.93
2024-01-14,1783.3,1541.4,-241.9,1,0.0,0.12,26.0,0.231,-0.077,28.9,0.92,0.9,0.91,5,0.83,0.94,0,0.97,0.89
2024-01-15,1783.3,1668.2,-115.1,0,0.0,0.12,23.2,0.268,-0.01,26.1,0.92,0.9,0.91,6,1.0,0.94,0,0.97,0.94
2024-01-16,1783.3,1383.5,-399.8,1,0.0,0.12,21.0,0.284,-0.082,23.9,0.92,0.9,0.91,4,0.67,0.63,0,0.97,1.0
2024-01-17,1783.3,1092.3,-691.0,1,1.5,0.127,20.8,0.258,-0.069,23.6,0.92,0.31,0.62,4,0.67,0.94,0,0.96,0.9
2024-01-18,1783.3,1654.6,-128.7,0,0.0,0.12,27.5,0.251,-0.051,30.4,0.92,0.9,0.91,6,1.0,0.94,0,0.97,0.89
2024-01-19,1783.3,1270.0,-513.3,1,0.0,0.12,23.0,0.238,-0.042,25.9,0.64,0.9,0.77,4,0.67,0.94,0,0.97,0.91
2024-01-20,1783.3,1576.7,-206.6,1,0.0,0.12,35.2,0.264,-0.054,38.1,0.92,0.9,0.91,5,0.83,0.94,0,0.97,0.93
2024-01-21,1783.3,1378.3,-405.0,1,0.0,0.12,21.5,0.248,-0.009,24.4,0.58,0.9,0.74,4,0.67,0.94,0,0.97,0.94
2024-01-22,1783.3,1570.0,-213.3,1,0.0,0.12,23.0,0.242,-0.047,25.9,0.92,0.9,0.91,6,1.0,0.94,0,0.97,0.88
2024-01-23,1783.3,1095.0,-688.3,1,0.3,0.122,19.0,0.241,-0.041,21.9,0.7,0.9,0.8,5,0.83,0.57,0,0.97,0.88
2024-01-24,1783.3,1402.8,-380.5,1,0.0,0.12,20.3,0.24,-0.085,23.2,0.92,0.51,0.71,5,0.83,0.94,0,0.97,0.98
2024-01-25,1783.3,1529.0,-254.3,1,0.0,0.12,20.3,0.267,-0.079,23.2,0.92,0.9,0.91,5,0.83,0.94,0,0.97,0.88
2024-01-26,1783.3,1126.3,-657.0,1,0.9,0.125,21.5,0.241,-0.082,24.4,0.92,0.9,0.91,5,0.83,0.94,1,0.97,0.81
2024-01-27,1783.3,1701.2,-82.1,0,0.0,0.12,23.0,0.252,-0.047,25.9,0.92,0.9,0.91,6,1.0,0.94,0,0.97,0.9
2024-01-28,1783.3,1113.7,-669.6,1,4.8,0.144,22.9,0.222,-0.022,25.7,0.92,0.9,0.91,4,0.67,0.94,0,0.96,0.86
2024-01-29,1783.3,1169.8,-613.5,1,0.0,0.12,28.2,0.264,-0.056,31.1,0.92,0.9,0.91,4,0.67,0.94,0,0.97,0.9
2024-01-30,1783.3,1762.3,-21.0,0,0.0,0.12,32.6,0.214,-0.021,35.5,0.92,0.9,0.91,6,1.0,0.94,0,0.97,0.98
2024-01-31,1783.3,1623.8,-159.5,1,0.0,0.12,10.9,0.284,-0.032,20.0,0.92,0.9,0.91,5,0.83,0.94,0,0.97,0.91
2024-02-01,1783.3,1459.1,-324.2,1,0.0,0.12,32.0,0.274,-0.04,34.9,0.92,0.9,0.91,5,0.83,0.94,0,0.97,0.86
2024-02-02,1783.3,1612.7,-170.6,1,0.0,0.12,31.0,0.221,-0.093,33.9,0.92,0.9,0.91,5,0.83,0.94,0,0.97,0.93
2024-02-03,1783.3,1327.3,-456.0,1,0.0,0.12,21.0,0.276,-0.072,23.9,0.92,0.54,0.73,6,1.0,0.94,0,0.97,0.87
2024-02-04,1783.3,1240.9,-542.4,1,0.0,0.12,26.1,0.259,-0.055,29.0,0.92,0.63,0.77,4,0.67,0.94,0,0.97,0.88
2024-02-05,1783.3,1018.3,-765.0,1,0.0,0.12,19.7,0.238,-0.057,22.6,0.55,0.9,0.72,5,0.83,0.94,1,0.97,0.9
2024-02-06,1783.3,1277.4,-505.9,1,0.0,0.12,18.2,0.248,-0.014,21.1,0.92,0.57,0.75,4,0.67,0.94,0,0.97,0.92
2024-02-07,1783.3,1520.7,-262.6,1,0.0,0.12,20.1,0.251,-0.04,23.0,0.92,0.9,0.91,5,0.83,0.94,0,0.97,0.85
2024-02-08,1783.3,1593.1,-190.2,1,0.0,0.12,23.1,0.264,-0.075,26.0,0.92,0.9,0.91,6,1.0,0.94,0,0.97,0.88
2024-02-09,1783.3,1274.1,-509.2,1,0.0,0.12,16.0,0.241,-0.101,20.0,0.92,0.54,0.73,5,0.83,0.94,0,0.97,0.87
2024-02-10,1783.3,1703.2,-80.1,0,0.0,0.12,26.7,0.238,-0.048,29.6,0.92,0.9,0.91,6,1.0,0.94,0,0.97,0.94
2024-02-11,1783.3,1695.8,-87.5,0,2.8,0.134,30.0,0.241,-0.046,32.9,0.92,0.9,0.91,5,0.83,0.94,0,0.96,0.92
2024-02-12,1783.3,1710.3,-73.0,0,0.0,0.12,25.9,0.235,-0.038,28.8,0.92,0.9,0.91,6,1.0,0.94,0,0.97,0.89
2024-02-13,1783.3,1701.4,-81.9,0,0.0,0.12,22.6,0.214,-0.059,25.5,0.92,0.9,0.91,6,1.0,0.94,0,0.97,0.91
2024-02-14,1783.3,1654.5,-128.8,0,0.0,0.12,20.8,0.214,-0.064,23.7,0.92,0.9,0.91,5,0.83,0.94,0,0.97,0.99
2024-02-15,1783.3,1685.2,-98.1,0,0.0,0.12,27.6,0.253,-0.043,30.5,0.92,0.9,0.91,5,0.83,0.94,0,0.97,0.97
2024-02-16,1783.3,1027.5,-755.8,1,0.0,0.12,25.3,0.244,-0.023,28.2,0.92,0.59,0.75,5,0.83,0.94,1,0.97,0.9
2024-02-17,1783.3,1477.4,-305.9,1,2.9,0.135,22.0,0.263,-0.043,24.8,0.55,0.9,0.72,5,0.83,0.94,0,0.96,1.0
2024-02-18,1783.3,1516.8,-266.5,1,0.0,0.12,21.4,0.203,-0.048,24.3,0.92,0.9,0.91,5,0.83,0.94,0,0.97,0.87
2024-02-19,1783.3,1455.0,-328.3,1,0.0,0.12,19.8,0.267,-0.046,22.7,0.92,0.9,0.91,6,1.0,0.94,0,0.97,0.8
2024-02-20,1783.3,1725.8,-57.5,0,0.0,0.12,23.6,0.251,-0.046,26.5,0.92,0.9,0.91,6,1.0,0.94,0,0.97,0.92
2024-02-21,1783.3,1563.7,-219.6,1,0.0,0.12,14.5,0.233,-0.06,20.0,0.92,0.9,0.91,6,1.0,0.94,0,0.97,0.87
2024-02-22,1783.3,1579.5,-203.8,1,0.0,0.12,26.6,0.27,-0.036,29.5,0.92,0.9,0.91,5,0.83,0.94,0,0.97,0.92
2024-02-23,1783.3,1754.9,-28.4,0,0.0,0.12,18.3,0.26,-0.045,21.2,0.92,0.9,0.91,6,1.0,0.94,0,0.97,0.98
2024-02-24,1783.3,1563.0,-220.3,1,0.0,0.12,22.3,0.236,-0.044,25.2,0.92,0.9,0.91,6,1.0,0.94,0,0.97,0.9
2024-02-25,1783.3,1358.3,-425.0,1,0.0,0.12,25.5,0.226,-0.068,28.4,0.92,0.58,0.75,6,1.0,0.94,0,0.97,0.93
2024-02-26,1783.3,1282.5,-500.8,1,0.0,0.12,26.4,0.224,-0.065,29.3,0.49,0.9,0.69,6,1.0,0.94,0,0.97,0.88
2024-02-27,1783.3,1334.8,-448.5,1,0.0,0.12,33.4,0.236,-0.077,36.3,0.92,0.9,0.91,4,0.67,0.94,0,0.97,1.0
2024-02-28,1783.3,1398.6,-384.7,1,0.0,0.12,18.0,0.244,-0.047,20.9,0.92,0.9,0.91,5,0.83,0.94,0,0.97,0.82
2024-02-29,1783.3,1577.6,-205.7,1,0.0,0.12,25.7,0.242,-0.067,28.6,0.92,0.9,0.91,6,1.0,0.94,0,0.97,0.91
2024-03-01,1783.3,1540.4,-242.9,1,0.0,0.12,22.2,0.235,-0.059,25.1,0.92,0.9,0.91,5,0.83,0.94,0,0.97,0.9
2024-03-02,1783.3,883.8,-899.5,1,0.0,0.12,19.8,0.227,-0.014,22.7,0.92,0.39,0.65,4,0.67,0.94,1,0.97,0.88
2024-03-03,1783.3,1532.8,-250.5,1,0.0,0.12,23.4,0.241,-0.043,26.3,0.92,0.9,0.91,5,0.83,0.94,0,0.97,0.93
2024-03-04,1783.3,1373.9,-409.4,1,0.0,0.12,26.0,0.255,0.006,28.9,0.63,0.9,0.76,6,1.0,0.94,0,0.97,0.93
2024-03-05,1783.3,1155.1,-628.2,1,0.0,0.12,32.4,0.247,-0.062,35.3,0.92,0.9,0.91,4,0.67,0.94,0,0.97,0.9
2024-03-06,1783.3,1538.2,-245.1,1,0.0,0.12,28.9,0.253,-0.07,31.8,0.92,0.9,0.91,6,1.0,0.94,0,0.97,0.87
2024-03-07,1783.3,1564.9,-218.4,1,0.0,0.12,27.8,0.252,-0.054,30.7,0.92,0.9,0.91,5,0.83,0.94,0,0.97,0.94
2024-03-08,1783.3,1688.2,-95.1,0,0.0,0.12,25.9,0.258,-0.054,28.8,0.92,0.9,0.91,6,1.0,0.94,0,0.97,0.94
2024-03-09,1783.3,1705.5,-77.8,0,4.0,0.14,19.9,0.267,-0.027,22.7,0.92,0.9,0.91,5,0.83,0.94,0,0.96,0.98
2024-03-10,1783.3,1257.9,-525.4,1,1.4,0.127,28.2,0.232,-0.044,31.0,0.92,0.9,0.91,4,0.67,0.94,0,0.96,0.9
2024-03-11,1783.3,1234.0,-549.3,1,0.0,0.12,27.1,0.254,-0.049,30.0,0.92,0.9,0.91,4,0.67,0.94,0,0.97,0.96
2024-03-12,1783.3,1345.6,-437.7,1,0.0,0.12,23.8,0.263,-0.07,26.7,0.5,0.9,0.7,6,1.0,0.94,0,0.97,0.94
2024-03-13,1783.3,1743.5,-39.8,0,0.2,0.121,17.4,0.242,-0.067,20.3,0.92,0.9,0.91,6,1.0,0.94,0,0.97,0.98
2024-03-14,1783.3,1496.1,-287.2,1,0.0,0.12,29.2,0.235,-0.038,32.1,0.63,0.9,0.77,5,0.83,0.94,0,0.97,0.98
2024-03-15,1783.3,1575.1,-208.2,1,0.1,0.121,20.4,0.261,-0.083,23.3,0.92,0.9,0.91,5,0.83,0.94,0,0.97,0.91
2024-03-16,1783.3,1369.8,-413.5,1,0.0,0.12,23.2,0.259,-0.054,26.1,0.55,0.9,0.72,5,0.83,0.94,0,0.97,0.92
2024-03-17,1783.3,1629.0,-154.3,1,0.0,0.12,20.0,0.258,-0.08,22.9,0.92,0.9,0.91,6,1.0,0.94,0,0.97,0.9
2024-03-18,1783.3,1586.5,-196.8,1,0.0,0.12,27.9,0.269,-0.052,30.8,0.92,0.9,0.91,5,0.83,0.94,0,0.97,0.93
2024-03-19,1783.3,1655.0,-128.3,0,0.0,0.12,21.8,0.244,-0.068,24.7,0.92,0.9,0.91,5,0.83,0.94,0,0.97,0.93
2024-03-20,1783.3,1333.4,-449.9,1,0.0,0.12,22.8,0.26,-0.079,25.7,0.92,0.57,0.75,6,1.0,0.94,0,0.97,0.9
2024-03-21,1783.3,1650.1,-133.2,0,0.0,0.12,17.5,0.225,-0.029,20.4,0.92,0.9,0.91,6,1.0,0.94,0,0.97,0.89
2024-03-22,1783.3,1523.7,-259.6,1,0.0,0.12,18.2,0.25,-0.035,21.1,0.92,0.9,0.91,5,0.83,0.94,0,0.97,0.91
2024-03-23,1783.3,1362.9,-420.4,1,0.0,0.12,26.5,0.265,-0.043,29.4,0.92,0.9,0.91,4,0.67,0.94,0,0.97,0.92
2024-03-24,1783.3,1729.4,-53.9,0,0.0,0.12,25.5,0.207,-0.037,28.4,0.92,0.9,0.91,5,0.83,0.94,0,0.97,0.95
2024-03-25,1783.3,1662.5,-120.8,0,0.1,0.121,19.3,0.289,-0.066,22.2,0.92,0.9,0.91,5,0.83,0.94,0,0.97,0.94
2024-03-26,1783.3,1771.2,-12.1,0,11.7,0.178,27.4,0.29,-0.034,30.0,0.92,0.9,0.91,6,1.0,0.94,0,0.95,0.92
2024-03-27,1783.3,1594.1,-189.2,1,0.0,0.12,32.6,0.243,-0.041,35.5,0.92,0.9,0.91,6,1.0,0.94,0,0.97,0.9
2024-03-28,1783.3,1787.7,4.4,0,8.3,0.162,29.4,0.25,-0.043,32.1,0.92,0.9,0.91,6,1.0,0.94,0,0.95,0.92
2024-03-29,1783.3,1555.1,-228.2,1,0.0,0.12,24.5,0.266,-0.043,27.4,0.92,0.9,0.91,5,0.83,0.94,0,0.97,0.94
2024-03-30,1783.3,1638.8,-144.5,0,0.0,0.12,20.2,0.234,-0.053,23.1,0.92,0.9,0.91,5,0.83,0.94,0,0.97,0.93
2024-03-31,1783.3,1602.8,-180.5,1,0.0,0.12,22.6,0.228,-0.046,25.5,0.92,0.9,0.91,5,0.83,0.94,0,0.97,0.96
2024-04-01,1783.3,897.8,-885.5,1,0.0,0.12,44.3,0.218,-0.051,47.2,0.92,0.44,0.68,5,0.83,0.65,1,0.97,0.82
2024-04-02,1783.3,1669.0,-114.3,0,0.0,0.12,35.0,0.252,-0.042,37.9,0.92,0.9,0.91,6,1.0,0.94,0,0.97,0.91
2024-04-03,1783.3,1514.7,-268.6,1,0.0,0.12,31.0,0.234,-0.055,33.9,0.92,0.9,0.91,5,0.83,0.94,0,0.97,0.9
2024-04-04,1783.3,1539.5,-243.8,1,0.0,0.12,34.3,0.293,-0.072,37.2,0.92,0.9,0.91,5,0.83,0.94,0,0.97,0.89
2024-04-05,1783.3,1184.1,-599.2,1,0.0,0.12,35.3,0.254,-0.039,38.2,0.45,0.9,0.68,6,1.0,0.94,0,0.97,0.92
2024-04-06,1783.3,1584.6,-198.7,1,0.0,0.12,30.3,0.258,-0.053,33.2,0.92,0.9,0.91,6,1.0,0.94,0,0.97,0.9
2024-04-07,1783.3,1598.0,-185.3,1,0.0,0.12,43.1,0.22,-0.029,46.0,0.92,0.9,0.91,6,1.0,0.94,0,0.97,0.91
2024-04-08,1783.3,1172.7,-610.6,1,0.0,0.12,41.3,0.264,-0.038,44.2,0.92,0.9,0.91,4,0.67,0.94,0,0.97,0.87
2024-04-09,1783.3,1704.3,-79.0,0,0.0,0.12,38.5,0.288,-0.079,41.4,0.92,0.9,0.91,6,1.0,0.94,0,0.97,0.88
2024-04-10,1783.3,1216.7,-566.6,1,0.0,0.12,34.6,0.252,-0.066,37.5,0.92,0.9,0.91,4,0.67,0.94,0,0.97,0.91
2024-04-11,1783.3,1755.9,-27.4,0,0.0,0.12,38.2,0.239,-0.071,41.1,0.92,0.9,0.91,6,1.0,0.94,0,0.97,0.94
2024-04-12,1783.3,1181.7,-601.6,1,0.0,0.12,31.1,0.229,-0.072,34.0,0.92,0.9,0.91,4,0.67,0.94,0,0.97,0.81
2024-04-13,1783.3,1657.8,-125.5,0,0.0,0.12,37.5,0.265,-0.045,40.4,0.92,0.9,0.91,5,0.83,0.94,0,0.97,0.96
2024-04-14,1783.3,1699.3,-84.0,0,0.0,0.12,39.7,0.245,-0.031,42.6,0.92,0.9,0.91,5,0.83,0.94,0,0.97,0.93
2024-04-15,1783.3,1223.9,-559.4,1,0.0,0.12,32.8,0.283,-0.066,35.7,0.53,0.9,0.72,5,0.83,0.94,0,0.97,0.91
2024-04-16,1783.3,1607.7,-175.6,1,0.0,0.12,23.9,0.283,-0.035,26.8,0.92,0.9,0.91,5,0.83,0.94,0,0.97,0.92
2024-04-17,1783.3,1621.3,-162.0,1,0.0,0.12,26.8,0.238,-0.009,29.7,0.92,0.9,0.91,5,0.83,0.94,0,0.97,0.92
2024-04-18,1783.3,1299.9,-483.4,1,0.0,0.12,28.6,0.219,-0.029,31.5,0.92,0.9,0.91,4,0.67,0.94,0,0.97,0.91
2024-04-19,1783.3,1785.1,1.8,0,0.0,0.12,35.2,0.223,-0.032,38.1,0.92,0.9,0.91,5,0.83,0.94,0,0.97,1.0
2024-04-20,1783.3,1092.8,-690.5,1,0.0,0.12,40.4,0.237,-0.057,43.3,0.49,0.9,0.7,5,0.83,0.52,0,0.97,0.93
2024-04-21,1783.3,1536.1,-247.2,1,2.9,0.134,36.9,0.265,-0.068,39.7,0.92,0.9,0.91,6,1.0,0.94,0,0.96,0.84
2024-04-22,1783.3,892.1,-891.2,1,0.8,0.124,38.8,0.219,-0.044,41.7,0.92,0.9,0.91,5,0.83,0.52,0,0.97,0.91
2024-04-23,1783.3,1609.5,-173.8,1,0.0,0.12,29.9,0.219,-0.026,32.8,0.92,0.9,0.91,5,0.83,0.94,0,0.97,0.91
2024-04-24,1783.3,1011.1,-772.2,1,0.0,0.12,41.7,0.255,-0.06,44.6,0.59,0.9,0.75,4,0.67,0.94,1,0.97,0.87
2024-04-25,1783.3,1228.0,-555.3,1,0.0,0.12,43.3,0.213,-0.07,46.2,0.92,0.6,0.76,5,0.83,0.94,0,0.97,0.83
2024-04-26,1783.3,1686.8,-96.5,0,0.0,0.12,37.0,0.236,-0.033,39.9,0.92,0.9,0.91,5,0.83,0.94,0,0.97,0.95
2024-04-27,1783.3,1332.1,-451.2,1,0.0,0.12,42.2,0.254,-0.036,45.1,0.62,0.9,0.76,5,0.83,0.94,0,0.97,0.87
2024-04-28,1783.3,1073.6,-709.7,1,0.0,0.12,33.1,0.231,-0.055,36.0,0.43,0.9,0.67,5,0.83,0.74,0,0.97,0.87
2024-04-29,1783.3,1637.4,-145.9,0,0.0,0.12,33.4,0.233,-0.039,36.3,0.92,0.9,0.91,6,1.0,0.94,0,0.97,0.89
2024-04-30,1783.3,1653.3,-130.0,0,0.0,0.12,36.2,0.241,-0.061,39.1,0.92,0.9,0.91,6,1.0,0.94,0,0.97,0.91
2024-05-01,1783.3,1420.5,-362.8,1,0.0,0.12,44.4,0.26,-0.066,47.3,0.92,0.9,0.91,5,0.83,0.94,0,0.97,0.82
2024-05-02,1783.3,1670.8,-112.5,0,0.0,0.12,38.9,0.285,-0.04,41.8,0.92,0.9,0.91,6,1.0,0.94,0,0.97,0.94
2024-05-03,1783.3,1597.6,-185.7,1,0.0,0.12,38.9,0.283,-0.053,41.8,0.92,0.9,0.91,5,0.83,0.94,0,0.97,0.87
2024-05-04,1783.3,1162.1,-621.2,1,0.0,0.12,36.6,0.259,-0.077,39.5,0.92,0.9,0.91,6,1.0,0.94,1,0.97,0.87
2024-05-05,1783.3,1613.6,-169.7,1,0.0,0.12,42.7,0.254,-0.061,45.6,0.92,0.9,0.91,5,0.83,0.94,0,0.97,0.94
2024-05-06,1783.3,1611.7,-171.6,1,0.0,0.12,31.5,0.249,-0.052,34.4,0.92,0.9,0.91,5,0.83,0.94,0,0.97,0.93
2024-05-07,1783.3,1555.5,-227.8,1,0.0,0.12,36.7,0.265,-0.049,39.6,0.92,0.9,0.91,5,0.83,0.94,0,0.97,0.9
2024-05-08,1783.3,1739.3,-44.0,0,0.0,0.12,39.4,0.249,-0.028,42.3,0.92,0.9,0.91,6,1.0,0.94,0,0.97,0.94
2024-05-09,1783.3,1620.0,-163.3,1,0.0,0.12,30.7,0.305,-0.056,33.6,0.92,0.9,0.91,6,1.0,0.94,0,0.97,0.89
2024-05-10,1783.3,1211.7,-571.6,1,0.0,0.12,41.6,0.266,-0.064,44.5,0.92,0.9,0.91,4,0.67,0.94,0,0.97,0.88
2024-05-11,1783.3,1333.9,-449.4,1,0.0,0.12,36.7,0.253,-0.06,39.6,0.92,0.58,0.75,5,0.83,0.94,0,0.97,0.96
2024-05-12,1783.3,1487.1,-296.2,1,0.0,0.12,43.9,0.253,-0.082,46.8,0.92,0.9,0.91,6,1.0,0.94,0,0.97,0.82
2024-05-13,1783.3,1464.2,-319.1,1,0.0,0.12,36.5,0.274,-0.06,39.4,0.92,0.9,0.91,5,0.83,0.94,0,0.97,0.86
2024-05-14,1783.3,1685.7,-97.6,0,0.0,0.12,38.3,0.254,-0.059,41.2,0.92,0.9,0.91,5,0.83,0.94,0,0.97,0.96
2024-05-15,1783.3,1624.0,-159.3,1,2.2,0.131,37.4,0.217,-0.011,40.2,0.92,0.9,0.91,5,0.83,0.94,0,0.96,0.92
2024-05-16,1783.3,1781.9,-1.4,0,0.0,0.12,34.2,0.279,-0.083,37.1,0.92,0.9,0.91,5,0.83,0.94,0,0.97,1.0
2024-05-17,1783.3,1475.0,-308.3,1,0.0,0.12,33.9,0.249,-0.054,36.8,0.92,0.63,0.78,6,1.0,0.94,0,0.97,0.93
2024-05-18,1783.3,1265.2,-518.1,1,0.0,0.12,31.8,0.2,-0.024,34.7,0.92,0.48,0.7,6,1.0,0.94,0,0.97,0.88
2024-05-19,1783.3,1352.4,-430.9,1,0.0,0.12,26.4,0.266,-0.046,29.3,0.92,0.57,0.75,6,1.0,0.94,0,0.97,0.96
2024-05-20,1783.3,1657.3,-126.0,0,0.0,0.12,32.3,0.25,-0.012,35.2,0.92,0.9,0.91,5,0.83,0.94,0,0.97,0.95
2024-05-21,1783.3,1125.0,-658.3,1,0.0,0.12,39.7,0.266,-0.064,42.6,0.92,0.64,0.78,4,0.67,0.94,0,0.97,0.87
2024-05-22,1783.3,1347.1,-436.2,1,0.0,0.12,33.6,0.269,-0.07,36.5,0.65,0.9,0.78,5,0.83,0.68,0,0.97,0.88
2024-05-23,1783.3,1476.2,-307.1,1,0.0,0.12,38.7,0.235,-0.036,41.6,0.92,0.9,0.91,5,0.83,0.72,0,0.97,0.97
2024-05-24,1783.3,1518.2,-265.1,1,0.0,0.12,36.1,0.268,-0.05,39.0,0.92,0.9,0.91,5,0.83,0.94,0,0.97,0.87
2024-05-25,1783.3,1299.6,-483.7,1,0.0,0.12,37.9,0.253,-0.077,40.8,0.92,0.38,0.65,6,1.0,0.94,0,0.97,0.92
2024-05-26,1783.3,1777.7,-5.6,0,0.0,0.12,35.9,0.228,-0.029,38.8,0.92,0.9,0.91,6,1.0,0.94,0,0.97,0.99
2024-05-27,1783.3,1275.0,-508.3,1,0.0,0.12,39.8,0.252,-0.07,42.7,0.92,0.9,0.91,4,0.67,0.94,0,0.97,0.93
2024-05-28,1783.3,1340.5,-442.8,1,0.0,0.12,33.2,0.194,-0.006,36.1,0.92,0.58,0.75,6,1.0,0.94,0,0.97,0.91
2024-05-29,1783.3,1616.5,-166.8,1,0.1,0.121,28.2,0.25,-0.04,31.1,0.92,0.9,0.91,5,0.83,0.94,0,0.97,0.94
2024-05-30,1783.3,1178.6,-604.7,1,0.0,0.12,44.6,0.258,-0.073,47.5,0.92,0.3,0.61,5,0.83,0.94,0,0.97,0.9
2024-05-31,1783.3,1666.9,-116.4,0,0.0,0.12,40.6,0.251,-0.032,43.5,0.92,0.9,0.91,6,1.0,0.94,0,0.97,0.91
2024-06-01,1683.3,1268.0,-415.3,1,32.6,0.583,25.5,0.612,0.124,26.1,0.92,0.43,0.67,6,1.0,0.94,0,0.69,0.98
2024-06-02,1683.3,1271.8,-411.5,1,4.5,0.382,25.1,0.609,0.022,26.6,0.92,0.9,0.91,4,0.67,0.94,0,0.89,0.91
2024-06-03,1683.3,1733.9,50.6,0,26.2,0.537,31.5,0.591,0.11,32.3,0.92,0.9,0.91,6,1.0,0.94,0,0.85,0.98
2024-06-04,1683.3,1685.6,2.3,0,28.0,0.55,24.2,0.588,0.141,25.0,0.92,0.9,0.91,6,1.0,0.94,0,0.85,0.94
2024-06-05,1683.3,1617.4,-65.9,0,19.4,0.488,25.3,0.586,0.089,26.4,0.92,0.9,0.91,6,1.0,0.94,0,0.86,0.87
2024-06-06,1683.3,1647.8,-35.5,0,5.2,0.387,33.2,0.589,0.022,34.8,0.92,0.9,0.91,6,1.0,0.94,0,0.89,0.95
2024-06-07,1683.3,1331.0,-352.3,1,32.5,0.582,30.2,0.581,0.098,30.8,0.92,0.63,0.77,6,1.0,0.94,0,0.69,0.86
2024-06-08,1683.3,1481.1,-202.2,1,1.0,0.357,24.5,0.645,0.057,26.2,0.92,0.9,0.91,5,0.83,0.94,0,0.9,0.94
2024-06-09,1683.3,1160.6,-522.7,1,17.2,0.473,18.3,0.618,0.103,20.0,0.92,0.9,0.91,5,0.83,0.94,1,0.87,0.92
2024-06-10,1683.3,904.2,-779.1,1,48.7,0.698,27.6,0.589,0.177,27.6,0.92,0.9,0.91,6,1.0,0.94,1,0.65,0.89
2024-06-11,1683.3,1619.0,-64.3,0,2.0,0.364,26.4,0.576,0.076,28.1,0.92,0.9,0.91,6,1.0,0.94,0,0.9,0.91
2024-06-12,1683.3,1406.4,-276.9,1,8.0,0.407,25.4,0.588,0.051,26.9,0.92,0.9,0.91,5,0.83,0.94,0,0.89,0.93
2024-06-13,1683.3,1433.1,-250.2,1,33.8,0.591,26.2,0.617,0.168,26.8,0.92,0.9,0.91,6,1.0,0.94,0,0.68,0.97
2024-06-14,1683.3,1605.9,-77.4,0,3.6,0.376,32.4,0.621,0.043,34.0,0.92,0.9,0.91,6,1.0,0.94,0,0.89,0.91
2024-06-15,1683.3,1277.4,-405.9,1,0.7,0.355,28.6,0.608,0.056,30.4,0.92,0.53,0.73,6,1.0,0.94,0,0.9,0.91
2024-06-16,1683.3,1546.3,-137.0,0,3.1,0.372,30.6,0.576,0.034,32.3,0.92,0.9,0.91,5,0.83,0.94,0,0.9,0.96
2024-06-17,1683.3,1055.2,-628.1,1,3.7,0.376,30.6,0.599,0.006,32.2,0.92,0.33,0.63,6,1.0,0.94,0,0.89,0.83
2024-06-18,1683.3,938.8,-744.5,1,34.0,0.593,30.8,0.602,0.127,31.3,0.92,0.34,0.63,4,0.67,0.94,0,0.68,0.87
2024-06-19,1683.3,1355.7,-327.6,1,4.9,0.385,29.8,0.583,0.018,31.4,0.92,0.9,0.91,5,0.83,0.94,0,0.89,0.84
2024-06-20,1683.3,1668.3,-15.0,0,2.1,0.365,26.5,0.596,0.072,28.1,0.92,0.9,0.91,6,1.0,0.94,0,0.9,0.93
2024-06-21,1683.3,944.0,-739.3,1,77.9,0.907,24.0,0.571,0.288,23.0,0.92,0.9,0.91,6,1.0,0.55,1,0.6,1.0
2024-06-22,1683.3,524.6,-1158.7,1,119.6,0.95,27.3,0.622,0.318,26.1,0.92,0.9,0.91,5,0.83,0.94,2,0.58,0.96
2024-06-23,1683.3,1252.8,-430.5,1,0.4,0.353,27.9,0.582,0.041,29.7,0.57,0.9,0.74,6,1.0,0.94,0,0.9,0.89
2024-06-24,1683.3,1223.5,-459.8,1,11.3,0.43,21.8,0.605,0.054,23.1,0.92,0.9,0.91,4,0.67,0.94,0,0.88,0.93
2024-06-25,1683.3,1148.8,-534.5,1,4.4,0.382,32.3,0.598,0.054,33.9,0.92,0.38,0.65,6,1.0,0.94,0,0.89,0.88
2024-06-26,1683.3,384.0,-1299.3,1,52.3,0.723,29.2,0.607,0.19,29.0,0.69,0.9,0.8,5,0.83,0.94,2,0.65,0.84
2024-06-27,1683.3,1220.6,-462.7,1,4.5,0.382,26.2,0.591,0.034,27.8,0.92,0.34,0.63,6,1.0,0.94,0,0.89,0.96
2024-06-28,1683.3,1530.7,-152.6,1,5.0,0.386,21.0,0.571,0.038,22.5,0.92,0.9,0.91,6,1.0,0.94,0,0.89,0.84
2024-06-29,1683.3,1646.0,-37.3,0,12.7,0.441,30.3,0.611,0.068,31.6,0.92,0.9,0.91,6,1.0,0.94,0,0.88,0.9
2024-06-30,1683.3,824.6,-858.7,1,33.4,0.588,24.2,0.621,0.144,24.7,0.92,0.9,0.91,5,0.83,0.94,1,0.69,0.91
2024-07-01,1683.3,1471.9,-211.4,1,2.8,0.37,30.2,0.632,0.027,31.9,0.92,0.9,0.91,5,0.83,0.94,0,0.9,0.93
2024-07-02,1683.3,1184.7,-498.6,1,36.3,0.609,28.3,0.636,0.156,28.7,0.92,0.9,0.91,5,0.83,0.94,0,0.68,0.93
2024-07-03,1683.3,565.9,-1117.4,1,136.3,0.95,29.5,0.591,0.311,28.2,0.92,0.9,0.91,5,0.83,0.94,2,0.58,0.95
2024-07-04,1683.3,1763.4,80.1,0,7.6,0.404,34.4,0.59,0.052,35.9,0.92,0.9,0.91,6,1.0,0.94,0,0.89,0.96
2024-07-05,1683.3,1155.1,-528.2,1,11.9,0.435,22.6,0.579,0.067,23.9,0.92,0.9,0.91,4,0.67,0.94,0,0.88,0.91
2024-07-06,1683.3,1392.5,-290.8,1,2.8,0.37,28.8,0.618,0.057,30.4,0.92,0.9,0.91,5,0.83,0.94,0,0.9,0.86
2024-07-07,1683.3,989.1,-694.2,1,2.9,0.371,30.8,0.614,0.054,32.4,0.92,0.9,0.91,6,1.0,0.56,0,0.9,0.84
2024-07-08,1683.3,341.8,-1341.5,1,52.3,0.723,30.3,0.624,0.181,30.2,0.92,0.9,0.91,5,0.83,0.94,3,0.65,0.94
2024-07-09,1683.3,1455.6,-227.7,1,5.3,0.388,28.5,0.615,0.062,30.1,0.92,0.9,0.91,5,0.83,0.94,0,0.89,0.89
2024-07-10,1683.3,1417.0,-266.3,1,1.0,0.357,30.7,0.619,0.041,32.5,0.92,0.9,0.91,5,0.83,0.94,0,0.9,0.92
2024-07-11,1683.3,1321.6,-361.7,1,2.9,0.371,24.5,0.642,0.093,26.1,0.92,0.9,0.91,4,0.67,0.94,0,0.9,1.0
2024-07-12,1683.3,833.9,-849.4,1,31.7,0.577,28.6,0.614,0.114,29.2,0.92,0.33,0.63,5,0.83,0.94,1,0.69,0.94
2024-07-13,1683.3,1071.6,-611.7,1,31.9,0.578,26.0,0.61,0.107,26.7,0.92,0.9,0.91,5,0.83,0.94,0,0.69,0.84
2024-07-14,1683.3,1335.4,-347.9,1,4.8,0.385,27.2,0.613,0.072,28.8,0.92,0.9,0.91,5,0.83,0.94,0,0.89,0.86
2024-07-15,1683.3,1155.4,-527.9,1,2.5,0.368,30.2,0.602,0.076,31.8,0.92,0.9,0.91,4,0.67,0.94,0,0.9,0.92
2024-07-16,1683.3,1810.0,126.7,0,9.6,0.419,31.5,0.612,0.059,32.9,0.92,0.9,0.91,6,1.0,0.94,0,0.88,0.99
2024-07-17,1683.3,1538.8,-144.5,0,4.1,0.379,24.6,0.607,0.045,26.2,0.92,0.9,0.91,5,0.83,0.94,0,0.89,0.95
2024-07-18,1683.3,371.5,-1311.8,1,91.6,0.95,26.2,0.575,0.284,25.0,0.92,0.9,0.91,4,0.67,0.94,2,0.58,0.92
2024-07-19,1683.3,1491.0,-192.3,1,2.4,0.367,32.7,0.594,0.1,34.4,0.92,0.9,0.91,5,0.83,0.94,0,0.9,0.94
2024-07-20,1683.3,1375.3,-308.0,1,7.0,0.4,30.3,0.614,0.091,31.8,0.92,0.9,0.91,5,0.83,0.94,0,0.89,0.89
2024-07-21,1683.3,1766.3,83.0,0,7.0,0.4,23.4,0.58,0.1,24.9,0.92,0.9,0.91,6,1.0,0.94,0,0.89,0.98
2024-07-22,1683.3,1697.1,13.8,0,4.3,0.381,32.1,0.596,0.033,33.6,0.92,0.9,0.91,6,1.0,0.94,0,0.89,0.94
2024-07-23,1683.3,1800.3,117.0,0,1.8,0.363,26.9,0.607,0.045,28.6,0.92,0.9,0.91,6,1.0,0.94,0,0.9,0.97
2024-07-24,1683.3,1374.6,-308.7,1,2.4,0.367,33.6,0.594,0.035,35.3,0.92,0.9,0.91,6,1.0,0.94,1,0.9,0.96
2024-07-25,1683.3,1719.7,36.4,0,7.3,0.402,29.7,0.611,0.085,31.2,0.92,0.9,0.91,6,1.0,0.94,0,0.89,0.97
2024-07-26,1683.3,591.0,-1092.3,1,68.6,0.84,23.5,0.61,0.204,22.8,0.58,0.31,0.44,4,0.67,0.94,1,0.61,0.86
2024-07-27,1683.3,1208.4,-474.9,1,8.8,0.413,31.2,0.606,0.065,32.6,0.92,0.4,0.66,5,0.83,0.94,0,0.88,0.87
2024-07-28,1683.3,822.4,-860.9,1,68.7,0.841,29.7,0.612,0.22,28.9,0.92,0.9,0.91,5,0.83,0.94,1,0.61,0.97
2024-07-29,1683.3,583.8,-1099.5,1,79.7,0.919,22.0,0.603,0.269,20.9,0.92,0.9,0.91,6,1.0,0.94,2,0.59,0.94
2024-07-30,1683.3,1599.3,-84.0,0,0.8,0.355,31.3,0.618,0.062,33.0,0.92,0.9,0.91,6,1.0,0.94,0,0.9,0.87
2024-07-31,1683.3,1393.0,-290.3,1,20.3,0.495,26.7,0.618,0.066,27.7,0.92,0.9,0.91,5,0.83,0.94,0,0.86,0.88
2024-08-01,1683.3,1231.5,-451.8,1,31.0,0.572,26.1,0.561,0.148,26.8,0.92,0.9,0.91,6,1.0,0.94,0,0.69,0.85
2024-08-02,1683.3,887.2,-796.1,1,6.9,0.399,25.7,0.589,0.081,27.2,0.92,0.43,0.67,5,0.83,0.94,1,0.89,0.89
2024-08-03,1683.3,435.0,-1248.3,1,69.5,0.846,25.4,0.641,0.265,24.6,0.92,0.9,0.91,6,1.0,0.94,3,0.61,0.85
2024-08-04,1683.3,1221.9,-461.4,1,26.1,0.536,27.2,0.594,0.12,28.0,0.46,0.9,0.68,6,1.0,0.94,0,0.85,0.94
2024-08-05,1683.3,1518.1,-165.2,1,4.6,0.383,31.2,0.576,0.045,32.8,0.92,0.9,0.91,5,0.83,0.94,0,0.89,0.94
2024-08-06,1683.3,1076.6,-606.7,1,0.4,0.353,28.3,0.598,0.053,30.1,0.92,0.9,0.91,4,0.67,0.94,0,0.9,0.87
2024-08-07,1683.3,1742.1,58.8,0,0.8,0.356,27.2,0.658,0.032,28.9,0.92,0.9,0.91,6,1.0,0.94,0,0.9,0.96
2024-08-08,1683.3,1865.0,181.7,0,11.5,0.432,29.0,0.601,0.109,30.3,0.92,0.9,0.91,6,1.0,0.94,0,0.88,0.96
2024-08-09,1683.3,1614.8,-68.5,0,13.8,0.449,25.8,0.609,0.109,27.1,0.92,0.9,0.91,6,1.0,0.94,0,0.87,0.91
2024-08-10,1683.3,1311.8,-371.5,1,0.2,0.351,24.8,0.579,0.05,26.5,0.57,0.9,0.73,6,1.0,0.94,0,0.9,0.91
2024-08-11,1683.3,984.4,-698.9,1,45.4,0.675,25.6,0.602,0.124,25.8,0.92,0.9,0.91,6,1.0,0.94,1,0.66,0.89
2024-08-12,1683.3,1573.6,-109.7,0,11.9,0.435,30.9,0.569,0.084,32.2,0.92,0.9,0.91,5,0.83,0.94,0,0.88,0.97
2024-08-13,1683.3,1602.1,-81.2,0,0.4,0.353,31.8,0.567,0.019,33.5,0.92,0.9,0.91,5,0.83,0.94,0,0.9,0.95
2024-08-14,1683.3,1259.3,-424.0,1,3.5,0.375,27.4,0.598,0.064,29.0,0.92,0.43,0.68,6,1.0,0.94,0,0.9,0.93
2024-08-15,1683.3,1665.9,-17.4,0,14.5,0.454,29.6,0.566,0.084,30.8,0.92,0.9,0.91,6,1.0,0.94,0,0.87,0.9
2024-08-16,1683.3,903.2,-780.1,1,0.3,0.352,25.6,0.592,0.029,27.3,0.46,0.9,0.68,5,0.83,0.5,0,0.9,0.87
2024-08-17,1683.3,619.6,-1063.7,1,52.9,0.728,29.1,0.608,0.208,28.9,0.92,0.9,0.91,6,1.0,0.94,2,0.65,0.9
2024-08-18,1683.3,1476.2,-207.1,1,5.7,0.391,25.3,0.606,0.057,26.9,0.92,0.9,0.91,5,0.83,0.94,0,0.89,0.88
2024-08-19,1683.3,1526.6,-156.7,1,1.6,0.362,32.7,0.609,0.029,34.4,0.92,0.9,0.91,6,1.0,0.94,0,0.9,0.87
2024-08-20,1683.3,1486.8,-196.5,1,0.2,0.352,27.8,0.616,0.054,29.6,0.92,0.9,0.91,5,0.83,0.94,0,0.9,0.92
2024-08-21,1683.3,1435.9,-247.4,1,27.2,0.545,30.1,0.594,0.095,30.9,0.92,0.9,0.91,5,0.83,0.94,0,0.85,0.95
2024-08-22,1683.3,1226.9,-456.4,1,3.5,0.375,28.6,0.574,0.068,30.3,0.92,0.9,0.91,4,0.67,0.94,0,0.89,0.96
2024-08-23,1683.3,1628.5,-54.8,0,2.7,0.369,31.2,0.578,0.048,32.8,0.92,0.9,0.91,6,1.0,0.94,0,0.9,0.89
2024-08-24,1683.3,1232.8,-450.5,1,2.9,0.371,26.2,0.574,0.057,27.8,0.92,0.45,0.68,6,1.0,0.94,0,0.9,0.87
2024-08-25,1683.3,1593.2,-90.1,0,2.2,0.366,25.6,0.625,0.027,27.3,0.92,0.9,0.91,6,1.0,0.94,0,0.9,0.86
2024-08-26,1683.3,1744.6,61.3,0,15.3,0.46,24.0,0.587,0.116,25.2,0.92,0.9,0.91,6,1.0,0.94,0,0.87,0.96
2024-08-27,1683.3,1148.7,-534.6,1,32.6,0.583,31.5,0.606,0.109,32.0,0.92,0.9,0.91,5,0.83,0.94,0,0.69,0.93
2024-08-28,1683.3,1588.1,-95.2,0,4.4,0.382,23.3,0.57,0.036,24.9,0.92,0.9,0.91,6,1.0,0.94,0,0.89,0.91
2024-08-29,1683.3,1660.6,-22.7,0,1.6,0.361,28.6,0.583,0.031,30.3,0.92,0.9,0.91,6,1.0,0.94,0,0.9,0.93
2024-08-30,1683.3,1620.5,-62.8,0,4.0,0.378,27.2,0.596,0.036,28.8,0.92,0.9,0.91,6,1.0,0.94,0,0.89,0.9
2024-08-31,1683.3,1286.3,-397.0,1,3.5,0.375,33.0,0.6,0.083,34.6,0.92,0.5,0.71,6,1.0,0.94,0,0.89,0.94
2024-09-01,1683.3,1563.6,-119.7,0,0.0,0.35,23.3,0.604,0.018,25.0,0.92,0.9,0.91,6,1.0,0.94,0,0.9,0.86
2024-09-02,1683.3,1441.4,-241.9,1,3.3,0.373,31.3,0.6,0.087,33.0,0.92,0.9,0.91,5,0.83,0.94,0,0.9,0.94
2024-09-03,1683.3,1642.2,-41.1,0,0.3,0.352,26.2,0.588,0.05,27.9,0.92,0.9,0.91,6,1.0,0.94,0,0.9,0.92
2024-09-04,1683.3,958.4,-724.9,1,3.6,0.376,26.0,0.6,0.054,27.6,0.92,0.9,0.91,4,0.67,0.94,1,0.89,0.94
2024-09-05,1683.3,1609.3,-74.0,0,3.9,0.378,30.8,0.595,0.017,32.4,0.92,0.9,0.91,5,0.83,0.94,0,0.89,0.97
2024-09-06,1683.3,516.8,-1166.5,1,74.1,0.88,32.0,0.582,0.267,31.1,0.92,0.9,0.91,4,0.67,0.94,1,0.6,0.93
2024-09-07,1683.3,498.0,-1185.3,1,86.4,0.95,24.0,0.595,0.265,22.8,0.92,0.48,0.7,6,1.0,0.94,2,0.58,0.91
2024-09-08,1683.3,1415.4,-267.9,1,1.0,0.357,29.5,0.578,0.044,31.2,0.92,0.9,0.91,5,0.83,0.94,0,0.9,0.9
2024-09-09,1683.3,550.5,-1132.8,1,68.1,0.836,28.1,0.602,0.248,27.4,0.92,0.9,0.91,6,1.0,0.94,2,0.62,0.94
2024-09-10,1683.3,955.5,-727.8,1,37.6,0.618,25.9,0.58,0.131,26.3,0.92,0.9,0.91,6,1.0,0.94,1,0.68,0.91
2024-09-11,1683.3,734.9,-948.4,1,49.8,0.706,28.6,0.642,0.185,28.6,0.92,0.64,0.78,6,1.0,0.94,2,0.65,1.0
2024-09-12,1683.3,1561.2,-122.1,0,4.6,0.383,22.7,0.654,0.037,24.3,0.92,0.9,0.91,5,0.83,0.94,0,0.89,0.96
2024-09-13,1683.3,1260.2,-423.1,1,3.3,0.374,24.3,0.621,0.045,25.9,0.92,0.39,0.65,6,1.0,0.94,0,0.9,0.93
2024-09-14,1683.3,1595.6,-87.7,0,2.6,0.368,26.5,0.603,0.046,28.1,0.92,0.9,0.91,6,1.0,0.94,0,0.9,0.88
2024-09-15,1683.3,1420.6,-262.7,1,1.3,0.359,26.9,0.592,-0.009,28.6,0.92,0.9,0.91,5,0.83,0.94,0,0.9,0.93
2024-09-16,1683.3,1359.5,-323.8,1,5.1,0.387,28.4,0.582,0.038,30.0,0.92,0.9,0.91,5,0.83,0.94,0,0.89,0.9
2024-09-17,1683.3,1376.0,-307.3,1,1.7,0.362,26.2,0.592,0.054,27.9,0.92,0.9,0.91,5,0.83,0.94,0,0.9,0.85
2024-09-18,1683.3,1472.4,-210.9,1,3.9,0.378,25.3,0.615,0.055,26.9,0.92,0.9,0.91,5,0.83,0.94,0,0.89,0.93
2024-09-19,1683.3,1113.3,-570.0,1,1.0,0.357,26.7,0.58,0.035,28.4,0.92,0.9,0.91,4,0.67,0.94,0,0.9,0.91
2024-09-20,1683.3,1455.3,-228.0,1,23.6,0.518,33.2,0.572,0.108,34.1,0.92,0.9,0.91,5,0.83,0.94,0,0.85,0.98
2024-09-21,1683.3,1442.6,-240.7,1,27.8,0.549,26.0,0.634,0.108,26.7,0.92,0.9,0.91,5,0.83,0.94,0,0.85,0.94
2024-09-22,1683.3,808.0,-875.3,1,92.1,0.95,29.0,0.636,0.291,27.8,0.92,0.41,0.67,6,1.0,0.56,1,0.58,0.96
2024-09-23,1683.3,1402.1,-281.2,1,5.2,0.387,34.6,0.58,0.034,36.1,0.92,0.9,0.91,5,0.83,0.94,0,0.89,0.87
2024-09-24,1683.3,1731.0,47.7,0,1.1,0.358,29.1,0.595,0.038,30.8,0.92,0.9,0.91,6,1.0,0.94,0,0.9,0.94
2024-09-25,1683.3,1185.2,-498.1,1,1.7,0.362,28.4,0.586,0.065,30.0,0.92,0.9,0.91,6,1.0,0.94,1,0.9,0.92
2024-09-26,1683.3,1338.4,-344.9,1,3.3,0.374,25.4,0.558,0.069,27.0,0.92,0.9,0.91,6,1.0,0.94,1,0.9,1.0
2024-09-27,1683.3,1382.8,-300.5,1,2.7,0.369,22.8,0.64,0.046,24.4,0.92,0.54,0.73,5,0.83,0.94,0,0.9,0.96
2024-09-28,1683.3,1189.6,-493.7,1,0.6,0.354,31.2,0.596,0.033,32.9,0.92,0.9,0.91,4,0.67,0.94,0,0.9,0.96
2024-09-29,1683.3,1453.4,-229.9,1,4.7,0.383,26.5,0.564,0.073,28.1,0.92,0.9,0.91,5,0.83,0.94,0,0.89,0.87
2024-09-30,1683.3,1409.0,-274.3,1,22.0,0.507,29.6,0.58,0.077,30.6,0.92,0.9,0.91,5,0.83,0.94,0,0.86,0.94
2024-10-01,1783.3,1271.9,-511.4,1,0.0,0.12,23.2,0.259,-0.084,26.1,0.92,0.44,0.68,5,0.83,0.94,0,0.97,0.94
2024-10-02,1783.3,1671.4,-111.9,0,0.0,0.12,24.1,0.247,-0.078,27.0,0.92,0.9,0.91,6,1.0,0.94,0,0.97,0.92
2024-10-03,1783.3,1216.2,-567.1,1,0.0,0.12,25.3,0.278,-0.019,28.2,0.92,0.4,0.66,6,1.0,0.61,0,0.97,1.0
2024-10-04,1783.3,990.8,-792.5,1,0.0,0.12,26.8,0.217,-0.047,29.7,0.92,0.57,0.75,4,0.67,0.54,0,0.97,0.92
2024-10-05,1783.3,1642.2,-141.1,0,0.0,0.12,28.5,0.255,-0.059,31.4,0.92,0.9,0.91,5,0.83,0.94,0,0.97,0.97
2024-10-06,1783.3,1275.4,-507.9,1,0.0,0.12,25.6,0.265,-0.028,28.5,0.92,0.9,0.91,5,0.83,0.94,1,0.97,0.94
2024-10-07,1783.3,1380.0,-403.3,1,0.0,0.12,20.3,0.261,-0.047,23.2,0.92,0.9,0.91,4,0.67,0.94,0,0.97,0.99
2024-10-08,1783.3,1611.0,-172.3,1,7.1,0.156,24.8,0.224,-0.039,27.5,0.92,0.9,0.91,5,0.83,0.94,0,0.96,0.92
2024-10-09,1783.3,1674.8,-108.5,0,0.0,0.12,28.9,0.268,-0.076,31.8,0.92,0.9,0.91,6,1.0,0.94,0,0.97,0.92
2024-10-10,1783.3,1354.3,-429.0,1,0.0,0.12,25.6,0.252,-0.055,28.5,0.92,0.6,0.76,6,1.0,0.94,0,0.97,0.89
2024-10-11,1783.3,1611.4,-171.9,1,0.0,0.12,20.5,0.276,-0.04,23.4,0.92,0.9,0.91,5,0.83,0.94,0,0.97,0.91
2024-10-12,1783.3,1142.7,-640.6,1,2.9,0.134,24.5,0.253,-0.023,27.4,0.92,0.9,0.91,4,0.67,0.94,0,0.96,0.87
2024-10-13,1783.3,1740.1,-43.2,0,0.0,0.12,29.8,0.256,-0.038,32.7,0.92,0.9,0.91,6,1.0,0.94,0,0.97,0.93
2024-10-14,1783.3,1620.8,-162.5,1,0.0,0.12,24.6,0.239,-0.099,27.5,0.92,0.9,0.91,6,1.0,0.94,0,0.97,0.87
2024-10-15,1783.3,1701.0,-82.3,0,0.0,0.12,24.1,0.252,-0.077,27.0,0.92,0.9,0.91,6,1.0,0.94,0,0.97,0.93
2024-10-16,1783.3,1152.3,-631.0,1,0.0,0.12,21.2,0.263,-0.046,24.1,0.92,0.9,0.91,5,0.83,0.94,1,0.97,0.92
2024-10-17,1783.3,1211.0,-572.3,1,0.0,0.12,28.8,0.206,-0.032,31.7,0.92,0.9,0.91,4,0.67,0.94,0,0.97,0.89
2024-10-18,1783.3,1767.5,-15.8,0,0.0,0.12,25.8,0.246,-0.06,28.7,0.92,0.9,0.91,6,1.0,0.94,0,0.97,0.99
2024-10-19,1783.3,1171.9,-611.4,1,0.0,0.12,20.3,0.253,-0.077,23.2,0.92,0.44,0.68,6,1.0,0.94,0,0.97,0.85
2024-10-20,1783.3,1339.9,-443.4,1,0.0,0.12,26.5,0.251,-0.031,29.4,0.92,0.9,0.91,4,0.67,0.94,0,0.97,0.97
2024-10-21,1783.3,1445.9,-337.4,1,0.0,0.12,21.2,0.266,-0.068,24.1,0.92,0.55,0.74,6,1.0,0.94,0,0.97,0.93
2024-10-22,1783.3,1587.5,-195.8,1,0.0,0.12,28.8,0.251,-0.071,31.7,0.92,0.9,0.91,5,0.83,0.94,0,0.97,0.92
2024-10-23,1783.3,1543.5,-239.8,1,0.0,0.12,20.4,0.241,-0.048,23.3,0.92,0.9,0.91,5,0.83,0.94,0,0.97,0.89
2024-10-24,1783.3,1181.3,-602.0,1,0.0,0.12,24.1,0.253,-0.062,27.0,0.92,0.34,0.63,6,1.0,0.94,0,0.97,0.96
2024-10-25,1783.3,998.5,-784.8,1,0.0,0.12,22.7,0.256,-0.035,25.6,0.92,0.9,0.91,6,1.0,0.65,1,0.97,0.94
2024-10-26,1783.3,1764.2,-19.1,0,7.5,0.158,25.7,0.284,-0.047,28.4,0.92,0.9,0.91,6,1.0,0.94,0,0.96,1.0
2024-10-27,1783.3,1002.6,-780.7,1,0.0,0.12,27.0,0.26,-0.055,29.9,0.92,0.9,0.91,6,1.0,0.52,0,0.97,0.89
2024-10-28,1783.3,1612.0,-171.3,1,0.0,0.12,18.9,0.234,-0.083,21.8,0.92,0.9,0.91,5,0.83,0.94,0,0.97,0.9
2024-10-29,1783.3,1376.4,-406.9,1,0.0,0.12,24.3,0.227,-0.055,27.2,0.6,0.9,0.75,5,0.83,0.94,0,0.97,0.95
2024-10-30,1783.3,1588.0,-195.3,1,0.0,0.12,21.0,0.229,-0.056,23.9,0.92,0.9,0.91,5,0.83,0.94,0,0.97,0.9
2024-10-31,1783.3,1387.0,-396.3,1,0.0,0.12,25.7,0.287,-0.051,28.6,0.92,0.9,0.91,4,0.67,0.94,0,0.97,0.99
2024-11-01,1783.3,1596.0,-187.3,1,0.0,0.12,19.8,0.262,-0.073,22.7,0.92,0.9,0.91,5,0.83,0.94,0,0.97,0.89
2024-11-02,1783.3,1448.3,-335.0,1,0.0,0.12,22.4,0.239,-0.077,25.3,0.65,0.9,0.78,6,1.0,0.94,0,0.97,0.97
2024-11-03,1783.3,1716.8,-66.5,0,0.0,0.12,16.7,0.274,-0.076,20.0,0.92,0.9,0.91,6,1.0,0.94,0,0.97,0.91
2024-11-04,1783.3,1468.3,-315.0,1,0.0,0.12,26.9,0.213,-0.068,29.8,0.92,0.9,0.91,5,0.83,0.94,0,0.97,0.87
2024-11-05,1783.3,1562.4,-220.9,1,0.0,0.12,25.9,0.239,-0.05,28.8,0.92,0.9,0.91,5,0.83,0.94,0,0.97,0.89
2024-11-06,1783.3,1527.5,-255.8,1,0.0,0.12,22.6,0.226,-0.051,25.5,0.92,0.9,0.91,5,0.83,0.94,0,0.97,0.88
2024-11-07,1783.3,1544.9,-238.4,1,0.0,0.12,19.0,0.232,-0.047,21.9,0.92,0.9,0.91,5,0.83,0.94,0,0.97,0.88
2024-11-08,1783.3,1693.3,-90.0,0,0.0,0.12,22.9,0.278,-0.024,25.8,0.92,0.9,0.91,6,1.0,0.94,0,0.97,0.93
2024-11-09,1783.3,1717.1,-66.2,0,0.0,0.12,26.9,0.278,-0.048,29.8,0.92,0.9,0.91,6,1.0,0.94,0,0.97,0.91
2024-11-10,1783.3,1131.0,-652.3,1,0.0,0.12,21.2,0.244,-0.08,24.1,0.92,0.9,0.91,5,0.83,0.94,1,0.97,0.92
2024-11-11,1783.3,1686.6,-96.7,0,1.7,0.129,17.1,0.286,-0.026,20.0,0.92,0.9,0.91,6,1.0,0.94,0,0.96,0.94
2024-11-12,1783.3,1764.7,-18.6,0,0.0,0.12,20.6,0.254,-0.087,23.5,0.92,0.9,0.91,5,0.83,0.94,0,0.97,1.0
2024-11-13,1783.3,1395.2,-388.1,1,0.0,0.12,18.7,0.205,-0.033,21.6,0.92,0.49,0.71,6,1.0,0.94,0,0.97,0.92
2024-11-14,1783.3,1417.3,-366.0,1,3.8,0.139,24.8,0.287,-0.059,27.6,0.92,0.9,0.91,6,1.0,0.94,1,0.96,1.0
2024-11-15,1783.3,1187.4,-595.9,1,0.3,0.122,22.1,0.229,-0.056,25.0,0.92,0.9,0.91,5,0.83,0.58,0,0.97,0.96
2024-11-16,1783.3,1635.9,-147.4,0,0.0,0.12,25.0,0.27,-0.059,27.9,0.92,0.9,0.91,5,0.83,0.94,0,0.97,0.9
2024-11-17,1783.3,1173.2,-610.1,1,0.0,0.12,27.0,0.214,-0.03,29.9,0.92,0.9,0.91,4,0.67,0.94,0,0.97,0.87
2024-11-18,1783.3,1636.4,-146.9,0,0.0,0.12,27.0,0.237,-0.035,29.9,0.92,0.9,0.91,5,0.83,0.94,0,0.97,0.96
2024-11-19,1783.3,1400.8,-382.5,1,2.0,0.13,26.5,0.229,-0.052,29.3,0.59,0.9,0.74,5,0.83,0.94,0,0.96,0.97
2024-11-20,1783.3,1655.9,-127.4,0,0.2,0.121,21.7,0.24,-0.053,24.6,0.92,0.9,0.91,5,0.83,0.94,0,0.97,0.92
2024-11-21,1783.3,1499.5,-283.8,1,0.0,0.12,21.5,0.208,-0.079,24.4,0.92,0.9,0.91,5,0.83,0.94,0,0.97,0.87
2024-11-22,1783.3,1306.7,-476.6,1,0.0,0.12,20.5,0.26,-0.039,23.4,0.92,0.38,0.65,5,0.83,0.94,0,0.97,0.95
2024-11-23,1783.3,1377.9,-405.4,1,3.5,0.137,27.7,0.231,-0.022,30.6,0.92,0.9,0.91,5,0.83,0.71,0,0.96,0.93
2024-11-24,1783.3,1621.3,-162.0,1,0.0,0.12,24.1,0.233,-0.05,27.0,0.92,0.9,0.91,6,1.0,0.94,0,0.97,0.88
2024-11-25,1783.3,1619.4,-163.9,1,1.2,0.126,23.5,0.256,-0.066,26.3,0.92,0.9,0.91,5,0.83,0.94,0,0.96,0.93
2024-11-26,1783.3,1370.4,-412.9,1,0.0,0.12,20.9,0.274,-0.058,23.8,0.92,0.9,0.91,5,0.83,0.71,0,0.97,0.94
2024-11-27,1783.3,1665.7,-117.6,0,0.0,0.12,22.5,0.249,-0.065,25.4,0.92,0.9,0.91,5,0.83,0.94,0,0.97,0.95
2024-11-28,1783.3,1298.6,-484.7,1,0.0,0.12,26.8,0.231,-0.018,29.7,0.92,0.32,0.62,5,0.83,0.94,0,0.97,0.93
2024-11-29,1783.3,1582.0,-201.3,1,0.0,0.12,21.7,0.261,-0.02,24.6,0.92,0.9,0.91,5,0.83,0.94,0,0.97,0.91
2024-11-30,1783.3,1340.3,-443.0,1,6.4,0.152,25.8,0.234,-0.029,28.6,0.61,0.9,0.76,6,1.0,0.94,0,0.96,0.91
2024-12-01,1783.3,1596.1,-187.2,1,0.0,0.12,27.9,0.253,-0.026,30.8,0.92,0.9,0.91,5,0.83,0.94,0,0.97,0.92
2024-12-02,1783.3,1190.9,-592.4,1,0.0,0.12,25.5,0.275,-0.084,28.4,0.92,0.9,0.91,6,1.0,0.62,0,0.97,0.93
2024-12-03,1783.3,1560.1,-223.2,1,0.0,0.12,27.8,0.267,-0.079,30.7,0.92,0.9,0.91,5,0.83,0.94,0,0.97,0.87
2024-12-04,1783.3,1401.3,-382.0,1,0.0,0.12,25.7,0.259,-0.043,28.6,0.92,0.56,0.74,5,0.83,0.94,0,0.97,0.96
2024-12-05,1783.3,1637.0,-146.3,0,0.0,0.12,25.2,0.246,-0.083,28.1,0.92,0.9,0.91,5,0.83,0.94,0,0.97,0.96
2024-12-06,1783.3,1677.4,-105.9,0,0.0,0.12,22.4,0.221,-0.06,25.3,0.92,0.9,0.91,6,1.0,0.94,0,0.97,0.94
2024-12-07,1783.3,1337.0,-446.3,1,0.0,0.12,22.4,0.278,-0.06,25.3,0.92,0.9,0.91,4,0.67,0.94,0,0.97,0.87
2024-12-08,1783.3,1559.5,-223.8,1,0.0,0.12,17.9,0.264,-0.004,20.8,0.92,0.9,0.91,5,0.83,0.94,0,0.97,0.9
2024-12-09,1783.3,1732.7,-50.6,0,0.0,0.12,23.8,0.254,-0.042,26.7,0.92,0.9,0.91,5,0.83,0.94,0,0.97,0.97
2024-12-10,1783.3,1500.7,-282.6,1,0.0,0.12,22.0,0.244,-0.073,24.9,0.92,0.9,0.91,5,0.83,0.94,0,0.97,0.88
2024-12-11,1783.3,1602.3,-181.0,1,0.0,0.12,25.5,0.246,-0.019,28.4,0.92,0.9,0.91,5,0.83,0.94,0,0.97,0.93
2024-12-12,1783.3,1646.4,-136.9,0,2.3,0.131,20.1,0.296,-0.086,23.0,0.92,0.9,0.91,6,1.0,0.94,0,0.96,0.9
2024-12-13,1783.3,1569.8,-213.5,1,0.0,0.12,25.5,0.305,-0.063,28.4,0.92,0.9,0.91,5,0.83,0.94,0,0.97,0.9
2024-12-14,1783.3,1680.0,-103.3,0,0.0,0.12,21.6,0.25,-0.081,24.5,0.92,0.9,0.91,6,1.0,0.94,0,0.97,0.87
2024-12-15,1783.3,1357.6,-425.7,1,0.0,0.12,22.0,0.281,-0.03,24.9,0.92,0.9,0.91,4,0.67,0.94,0,0.97,0.95
2024-12-16,1783.3,1480.9,-302.4,1,0.0,0.12,32.8,0.217,-0.019,35.7,0.92,0.9,0.91,5,0.83,0.94,0,0.97,0.9
2024-12-17,1783.3,1766.2,-17.1,0,0.0,0.12,23.3,0.262,-0.036,26.2,0.92,0.9,0.91,6,1.0,0.94,0,0.97,0.95
2024-12-18,1783.3,1503.2,-280.1,1,0.0,0.12,24.9,0.25,-0.017,27.8,0.92,0.9,0.91,5,0.83,0.94,0,0.97,0.88
2024-12-19,1783.3,1690.7,-92.6,0,0.0,0.12,29.8,0.248,-0.029,32.7,0.92,0.9,0.91,5,0.83,0.94,0,0.97,1.0
2024-12-20,1783.3,1540.8,-242.5,1,0.0,0.12,22.0,0.24,-0.04,24.9,0.92,0.9,0.91,6,1.0,0.94,0,0.97,0.86
2024-12-21,1783.3,1716.7,-66.6,0,0.0,0.12,27.6,0.226,-0.068,30.5,0.92,0.9,0.91,6,1.0,0.94,0,0.97,0.93
2024-12-22,1783.3,1278.9,-504.4,1,0.0,0.12,32.4,0.261,-0.045,35.3,0.92,0.9,0.91,4,0.67,0.94,0,0.97,0.94
2024-12-23,1783.3,1181.4,-601.9,1,0.0,0.12,15.7,0.261,-0.051,20.0,0.92,0.9,0.91,4,0.67,0.94,0,0.97,0.87
2024-12-24,1783.3,1799.2,15.9,0,0.0,0.12,21.4,0.242,-0.04,24.3,0.92,0.9,0.91,6,1.0,0.94,0,0.97,0.98
2024-12-25,1783.3,1789.0,5.7,0,0.0,0.12,26.3,0.241,-0.03,29.2,0.92,0.9,0.91,6,1.0,0.94,0,0.97,0.93
2024-12-26,1783.3,1329.4,-453.9,1,0.0,0.12,25.5,0.245,-0.099,28.4,0.92,0.9,0.91,6,1.0,0.72,0,0.97,0.88
2024-12-27,1783.3,1335.7,-447.6,1,0.0,0.12,24.9,0.23,-0.033,27.8,0.65,0.9,0.78,4,0.67,0.94,0,0.97,0.93
2024-12-28,1783.3,1031.2,-752.1,1,3.8,0.139,22.3,0.283,-0.04,25.1,0.92,0.38,0.65,5,0.83,0.94,0,0.96,0.84
2024-12-29,1783.3,1424.7,-358.6,1,0.0,0.12,33.8,0.314,-0.057,36.7,0.92,0.9,0.91,6,1.0,0.73,0,0.97,0.87
2024-12-30,1783.3,1518.8,-264.5,1,0.0,0.12,25.9,0.244,-0.061,28.8,0.92,0.9,0.91,5,0.83,0.94,0,0.97,0.9
2024-12-31,1783.3,1672.3,-111.0,0,0.0,0.12,24.2,0.212,-0.077,27.1,0.92,0.9,0.91,6,1.0,0.94,0,0.97,0.93
2025-01-01,1783.3,1111.8,-671.5,1,0.0,0.12,24.1,0.258,-0.065,27.0,0.92,0.54,0.73,6,1.0,0.94,1,0.97,1.0
2025-01-02,1783.3,1254.3,-529.0,1,0.0,0.12,23.0,0.261,-0.053,25.9,0.92,0.9,0.91,4,0.67,0.94,0,0.97,0.9
2025-01-03,1783.3,1724.2,-59.1,0,0.0,0.12,20.8,0.271,-0.068,23.7,0.92,0.9,0.91,6,1.0,0.94,0,0.97,0.91
2025-01-04,1783.3,1769.8,-13.5,0,0.0,0.12,26.7,0.246,-0.089,29.6,0.92,0.9,0.91,6,1.0,0.94,0,0.97,0.98
2025-01-05,1783.3,1292.3,-491.0,1,0.1,0.121,26.1,0.261,-0.076,29.0,0.92,0.9,0.91,4,0.67,0.94,0,0.97,0.92
2025-01-06,1783.3,1283.5,-499.8,1,0.0,0.12,28.7,0.293,-0.076,31.6,0.45,0.9,0.68,4,0.67,0.94,0,0.97,0.96
2025-01-07,1783.3,1725.8,-57.5,0,0.0,0.12,24.8,0.229,-0.013,27.7,0.92,0.9,0.91,6,1.0,0.94,0,0.97,0.95
2025-01-08,1783.3,1671.0,-112.3,0,0.0,0.12,22.2,0.226,-0.055,25.1,0.92,0.9,0.91,5,0.83,0.94,0,0.97,0.96
2025-01-09,1783.3,1656.7,-126.6,0,0.0,0.12,28.9,0.265,-0.063,31.8,0.92,0.9,0.91,5,0.83,0.94,0,0.97,0.94
2025-01-10,1783.3,1681.3,-102.0,0,0.0,0.12,18.1,0.253,-0.048,21.0,0.92,0.9,0.91,5,0.83,0.94,0,0.97,0.94
2025-01-11,1783.3,1600.2,-183.1,1,0.0,0.12,18.9,0.268,-0.064,21.8,0.92,0.9,0.91,6,1.0,0.94,0,0.97,0.9
2025-01-12,1783.3,1659.7,-123.6,0,0.0,0.12,24.3,0.256,-0.072,27.2,0.92,0.9,0.91,5,0.83,0.94,0,0.97,0.93
2025-01-13,1783.3,1805.8,22.5,0,0.0,0.12,27.6,0.269,-0.055,30.5,0.92,0.9,0.91,5,0.83,0.94,0,0.97,0.99
2025-01-14,1783.3,1582.9,-200.4,1,0.0,0.12,27.2,0.235,-0.039,30.1,0.92,0.9,0.91,5,0.83,0.94,0,0.97,0.89
2025-01-15,1783.3,1595.4,-187.9,1,0.0,0.12,27.7,0.277,-0.089,30.6,0.92,0.9,0.91,5,0.83,0.94,0,0.97,0.93
2025-01-16,1783.3,1251.5,-531.8,1,0.0,0.12,22.0,0.303,-0.047,24.9,0.92,0.9,0.91,4,0.67,0.94,0,0.97,0.91
2025-01-17,1783.3,1496.2,-287.1,1,0.0,0.12,25.7,0.284,-0.06,28.6,0.92,0.9,0.91,6,1.0,0.94,0,0.97,0.84
2025-01-18,1783.3,1764.1,-19.2,0,0.0,0.12,27.3,0.237,-0.06,30.2,0.92,0.9,0.91,5,0.83,0.94,0,0.97,1.0
2025-01-19,1783.3,1511.1,-272.2,1,0.0,0.12,26.4,0.277,-0.064,29.3,0.92,0.9,0.91,6,1.0,0.94,0,0.97,0.85
2025-01-20,1783.3,1590.4,-192.9,1,2.8,0.134,23.3,0.224,-0.068,26.1,0.92,0.9,0.91,6,1.0,0.94,0,0.96,0.95
2025-01-21,1783.3,1771.7,-11.6,0,0.0,0.12,23.9,0.246,-0.066,26.8,0.92,0.9,0.91,6,1.0,0.94,0,0.97,1.0
2025-01-22,1783.3,1438.4,-344.9,1,0.0,0.12,22.7,0.274,-0.048,25.6,0.92,0.9,0.91,5,0.83,0.94,0,0.97,0.85
2025-01-23,1783.3,1076.2,-707.1,1,0.0,0.12,12.2,0.264,-0.037,20.0,0.92,0.9,0.91,4,0.67,0.52,0,0.97,0.96
2025-01-24,1783.3,1642.4,-140.9,0,0.0,0.12,21.3,0.264,-0.055,24.2,0.92,0.9,0.91,5,0.83,0.94,0,0.97,0.96
2025-01-25,1783.3,1540.2,-243.1,1,0.0,0.12,29.1,0.262,-0.049,32.0,0.92,0.9,0.91,5,0.83,0.94,0,0.97,0.88
2025-01-26,1783.3,1636.1,-147.2,0,0.0,0.12,29.5,0.235,-0.075,32.4,0.92,0.9,0.91,6,1.0,0.94,0,0.97,0.93
2025-01-27,1783.3,1328.3,-455.0,1,0.0,0.12,29.9,0.28,-0.057,32.8,0.92,0.9,0.91,6,1.0,0.94,1,0.97,0.89
2025-01-28,1783.3,1339.9,-443.4,1,0.6,0.123,26.5,0.252,-0.076,29.4,0.65,0.9,0.77,6,1.0,0.94,0,0.97,0.91
2025-01-29,1783.3,1324.0,-459.3,1,0.0,0.12,21.1,0.243,-0.06,24.0,0.92,0.48,0.7,5,0.83,0.94,0,0.97,0.95
2025-01-30,1783.3,997.6,-785.7,1,0.0,0.12,21.0,0.285,-0.069,23.9,0.66,0.52,0.59,5,0.83,0.94,0,0.97,0.87
2025-01-31,1783.3,1743.8,-39.5,0,0.0,0.12,18.9,0.286,-0.042,21.8,0.92,0.9,0.91,6,1.0,0.94,0,0.97,0.95
2025-02-01,1783.3,1645.5,-137.8,0,0.0,0.12,19.3,0.255,-0.049,22.2,0.92,0.9,0.91,5,0.83,0.94,0,0.97,0.96
2025-02-02,1783.3,1177.3,-606.0,1,0.0,0.12,28.0,0.241,-0.024,30.9,0.92,0.9,0.91,5,0.83,0.94,1,0.97,0.9
2025-02-03,1783.3,1293.5,-489.8,1,0.0,0.12,24.2,0.242,-0.055,27.1,0.92,0.9,0.91,4,0.67,0.94,0,0.97,0.99
2025-02-04,1783.3,1242.4,-540.9,1,0.0,0.12,24.1,0.252,-0.022,27.0,0.92,0.9,0.91,4,0.67,0.94,0,0.97,0.9
2025-02-05,1783.3,1509.0,-274.3,1,0.0,0.12,18.9,0.265,-0.033,21.8,0.92,0.9,0.91,6,1.0,0.94,0,0.97,0.85
2025-02-06,1783.3,1278.5,-504.8,1,0.0,0.12,25.7,0.233,-0.04,28.6,0.55,0.9,0.73,6,1.0,0.94,0,0.97,0.9
2025-02-07,1783.3,1122.8,-660.5,1,0.0,0.12,20.8,0.248,-0.024,23.7,0.92,0.3,0.61,6,1.0,0.94,0,0.97,0.91
2025-02-08,1783.3,1091.0,-692.3,1,0.0,0.12,20.8,0.22,-0.039,23.7,0.92,0.9,0.91,5,0.83,0.56,0,0.97,0.92
2025-02-09,1783.3,1605.3,-178.0,1,0.0,0.12,23.2,0.232,-0.035,26.1,0.92,0.9,0.91,5,0.83,0.94,0,0.97,0.92
2025-02-10,1783.3,1545.1,-238.2,1,0.0,0.12,26.3,0.218,-0.049,29.2,0.92,0.9,0.91,5,0.83,0.94,0,0.97,0.92
2025-02-11,1783.3,1727.2,-56.1,0,0.0,0.12,27.7,0.262,-0.077,30.6,0.92,0.9,0.91,6,1.0,0.94,0,0.97,0.94
2025-02-12,1783.3,1187.6,-595.7,1,3.2,0.136,22.9,0.256,-0.058,25.7,0.92,0.35,0.63,5,0.83,0.94,0,0.96,0.91
2025-02-13,1783.3,1271.9,-511.4,1,0.0,0.12,32.5,0.289,-0.075,35.4,0.92,0.9,0.91,4,0.67,0.94,0,0.97,0.93
2025-02-14,1783.3,1500.0,-283.3,1,1.3,0.126,22.2,0.245,-0.052,25.0,0.92,0.9,0.91,5,0.83,0.94,0,0.96,0.89
2025-02-15,1783.3,1366.2,-417.1,1,1.5,0.128,20.1,0.292,-0.027,23.0,0.92,0.9,0.91,4,0.67,0.94,0,0.96,0.92
2025-02-16,1783.3,1565.1,-218.2,1,0.0,0.12,26.1,0.253,-0.041,29.0,0.92,0.9,0.91,5,0.83,0.94,0,0.97,0.9
2025-02-17,1783.3,1356.4,-426.9,1,0.0,0.12,20.9,0.225,-0.045,23.8,0.59,0.9,0.74,5,0.83,0.94,0,0.97,0.91
2025-02-18,1783.3,1563.1,-220.2,1,0.0,0.12,23.0,0.27,-0.025,25.9,0.92,0.9,0.91,5,0.83,0.94,0,0.97,0.94
2025-02-19,1783.3,1196.1,-587.2,1,0.0,0.12,23.1,0.272,-0.051,26.0,0.92,0.33,0.62,6,1.0,0.94,0,0.97,0.9
2025-02-20,1783.3,1646.1,-137.2,0,0.0,0.12,23.4,0.261,-0.013,26.3,0.92,0.9,0.91,6,1.0,0.94,0,0.97,0.9
2025-02-21,1783.3,1758.8,-24.5,0,0.0,0.12,21.7,0.269,-0.053,24.6,0.92,0.9,0.91,5,0.83,0.94,0,0.97,1.0
2025-02-22,1783.3,1196.4,-586.9,1,0.0,0.12,23.5,0.236,-0.024,26.4,0.92,0.58,0.75,5,0.83,0.63,0,0.97,0.92
2025-02-23,1783.3,1542.1,-241.2,1,0.0,0.12,22.7,0.274,-0.048,25.6,0.92,0.9,0.91,6,1.0,0.94,0,0.97,0.87
2025-02-24,1783.3,1474.8,-308.5,1,0.4,0.122,27.4,0.276,-0.0,30.3,0.92,0.9,0.91,6,1.0,0.94,0,0.97,0.87
2025-02-25,1783.3,1426.5,-356.8,1,0.0,0.12,24.2,0.251,-0.072,27.1,0.92,0.9,0.91,5,0.83,0.94,0,0.97,0.83
2025-02-26,1783.3,1589.5,-193.8,1,0.6,0.123,26.3,0.219,-0.031,29.2,0.92,0.9,0.91,5,0.83,0.94,0,0.97,0.91
2025-02-27,1783.3,1669.9,-113.4,0,0.8,0.124,21.3,0.224,-0.006,24.2,0.92,0.9,0.91,6,1.0,0.94,0,0.97,0.91
2025-02-28,1783.3,1613.0,-170.3,1,0.0,0.12,19.8,0.214,-0.035,22.7,0.92,0.9,0.91,5,0.83,0.94,0,0.97,0.92
2025-03-01,1783.3,1259.8,-523.5,1,0.0,0.12,27.7,0.234,-0.048,30.6,0.92,0.9,0.91,4,0.67,0.94,0,0.97,0.91
2025-03-02,1783.3,1538.3,-245.0,1,0.1,0.12,23.0,0.27,-0.053,25.9,0.92,0.9,0.91,5,0.83,0.94,0,0.97,0.91
2025-03-03,1783.3,1462.5,-320.8,1,0.0,0.12,24.6,0.255,-0.041,27.5,0.92,0.9,0.91,5,0.83,0.94,0,0.97,0.84
2025-03-04,1783.3,1263.7,-519.6,1,0.0,0.12,23.6,0.232,-0.059,26.5,0.92,0.9,0.91,4,0.67,0.94,0,0.97,0.9
2025-03-05,1783.3,1584.9,-198.4,1,0.0,0.12,27.1,0.23,-0.076,30.0,0.92,0.9,0.91,6,1.0,0.94,0,0.97,0.88
2025-03-06,1783.3,1516.8,-266.5,1,0.0,0.12,18.3,0.26,-0.071,21.2,0.92,0.9,0.91,5,0.83,0.72,0,0.97,1.0
2025-03-07,1783.3,1684.5,-98.8,0,0.0,0.12,26.7,0.273,-0.04,29.6,0.92,0.9,0.91,5,0.83,0.94,0,0.97,0.96
2025-03-08,1783.3,1419.6,-363.7,1,0.0,0.12,20.1,0.254,-0.008,23.0,0.92,0.55,0.74,5,0.83,0.94,0,0.97,0.93
2025-03-09,1783.3,1293.8,-489.5,1,0.0,0.12,22.6,0.24,-0.052,25.5,0.92,0.9,0.91,4,0.67,0.94,0,0.97,0.93
2025-03-10,1783.3,1672.2,-111.1,0,0.0,0.12,24.7,0.206,-0.048,27.6,0.92,0.9,0.91,5,0.83,0.94,0,0.97,0.94
2025-03-11,1783.3,1301.5,-481.8,1,4.3,0.141,30.6,0.246,-0.056,33.4,0.92,0.9,0.91,4,0.67,0.94,0,0.96,0.95
2025-03-12,1783.3,1480.1,-303.2,1,0.0,0.12,29.4,0.23,-0.035,32.3,0.92,0.9,0.91,5,0.83,0.94,0,0.97,0.92
2025-03-13,1783.3,1199.8,-583.5,1,0.0,0.12,22.3,0.235,-0.026,25.2,0.92,0.9,0.91,4,0.67,0.94,0,0.97,0.86
2025-03-14,1783.3,1739.7,-43.6,0,1.3,0.127,29.2,0.266,-0.053,32.1,0.92,0.9,0.91,6,1.0,0.94,0,0.96,0.94
2025-03-15,1783.3,1317.8,-465.5,1,0.0,0.12,34.2,0.251,-0.055,37.1,0.92,0.9,0.91,4,0.67,0.94,0,0.97,0.96
2025-03-16,1783.3,1351.7,-431.6,1,0.0,0.12,23.9,0.209,-0.045,26.8,0.59,0.9,0.75,5,0.83,0.94,0,0.97,0.91
2025-03-17,1783.3,1648.0,-135.3,0,2.7,0.134,32.0,0.293,-0.031,34.9,0.92,0.9,0.91,5,0.83,0.94,0,0.96,0.92
2025-03-18,1783.3,1686.2,-97.1,0,0.0,0.12,27.1,0.269,-0.049,30.0,0.92,0.9,0.91,5,0.83,0.94,0,0.97,0.95
2025-03-19,1783.3,1610.8,-172.5,1,0.0,0.12,23.8,0.236,-0.058,26.7,0.92,0.9,0.91,5,0.83,0.94,0,0.97,0.94
2025-03-20,1783.3,1748.9,-34.4,0,0.0,0.12,15.4,0.263,-0.049,20.0,0.92,0.9,0.91,6,1.0,0.94,0,0.97,0.96
2025-03-21,1783.3,1617.3,-166.0,1,2.0,0.13,30.1,0.226,-0.084,33.0,0.92,0.9,0.91,5,0.83,0.94,0,0.96,0.94
2025-03-22,1783.3,1636.8,-146.5,0,0.0,0.12,20.1,0.252,-0.031,23.0,0.92,0.9,0.91,6,1.0,0.94,0,0.97,0.88
2025-03-23,1783.3,1551.5,-231.8,1,0.0,0.12,27.9,0.242,-0.034,30.8,0.92,0.9,0.91,5,0.83,0.94,0,0.97,0.87
2025-03-24,1783.3,1300.8,-482.5,1,0.0,0.12,21.0,0.218,-0.041,23.9,0.51,0.9,0.71,6,1.0,0.94,0,0.97,0.93
2025-03-25,1783.3,1364.8,-418.5,1,0.0,0.12,30.0,0.242,-0.075,32.9,0.92,0.46,0.69,4,0.67,0.94,0,0.97,0.97
2025-03-26,1783.3,1619.8,-163.5,1,0.0,0.12,18.3,0.243,-0.038,21.2,0.92,0.9,0.91,5,0.83,0.94,0,0.97,0.93
2025-03-27,1783.3,1045.7,-737.6,1,0.0,0.12,32.3,0.247,-0.042,35.2,0.92,0.33,0.62,5,0.83,0.94,0,0.97,0.9
2025-03-28,1783.3,1589.6,-193.7,1,0.0,0.12,20.9,0.229,-0.058,23.8,0.92,0.9,0.91,5,0.83,0.94,0,0.97,0.92
2025-03-29,1783.3,1693.9,-89.4,0,0.0,0.12,18.8,0.25,-0.055,21.7,0.92,0.9,0.91,5,0.83,0.94,0,0.97,0.97
2025-03-30,1783.3,1703.6,-79.7,0,0.0,0.12,17.8,0.279,-0.1,20.7,0.92,0.9,0.91,5,0.83,0.94,0,0.97,0.97
2025-03-31,1783.3,1613.1,-170.2,1,0.0,0.12,21.6,0.297,-0.057,24.5,0.92,0.9,0.91,6,1.0,0.94,0,0.97,0.89
2025-04-01,1783.3,1308.0,-475.3,1,0.0,0.12,33.9,0.238,-0.071,36.8,0.92,0.9,0.91,4,0.67,0.94,0,0.97,0.95
2025-04-02,1783.3,1164.1,-619.2,1,0.0,0.12,34.1,0.256,-0.051,37.0,0.92,0.34,0.63,6,1.0,0.94,0,0.97,0.89
2025-04-03,1783.3,1209.0,-574.3,1,0.0,0.12,34.7,0.256,-0.043,37.6,0.92,0.9,0.91,4,0.67,0.94,0,0.97,0.92
2025-04-04,1783.3,1664.2,-119.1,0,0.0,0.12,31.7,0.251,-0.036,34.6,0.92,0.9,0.91,5,0.83,0.94,0,0.97,0.97
2025-04-05,1783.3,1511.5,-271.8,1,0.0,0.12,43.4,0.237,-0.061,46.3,0.92,0.9,0.91,6,1.0,0.94,0,0.97,0.79
2025-04-06,1783.3,1737.2,-46.1,0,0.0,0.12,35.7,0.212,-0.028,38.6,0.92,0.9,0.91,5,0.83,0.94,0,0.97,0.97
2025-04-07,1783.3,1544.7,-238.6,1,0.0,0.12,48.2,0.216,-0.021,48.0,0.92,0.9,0.91,6,1.0,0.94,0,0.97,0.84
2025-04-08,1783.3,1525.0,-258.3,1,0.0,0.12,47.1,0.247,-0.04,48.0,0.92,0.9,0.91,6,1.0,0.94,0,0.97,0.82
2025-04-09,1783.3,1619.7,-163.6,1,0.0,0.12,39.1,0.279,-0.025,42.0,0.92,0.9,0.91,6,1.0,0.94,0,0.97,0.91
2025-04-10,1783.3,1667.0,-116.3,0,0.0,0.12,37.9,0.266,-0.065,40.8,0.92,0.9,0.91,6,1.0,0.94,0,0.97,0.92
2025-04-11,1783.3,1045.9,-737.4,1,0.0,0.12,37.9,0.216,-0.053,40.8,0.92,0.9,0.91,5,0.83,0.94,1,0.97,0.88
2025-04-12,1783.3,1668.5,-114.8,0,0.0,0.12,34.8,0.226,-0.033,37.7,0.92,0.9,0.91,6,1.0,0.94,0,0.97,0.95
2025-04-13,1783.3,1628.4,-154.9,1,0.0,0.12,31.5,0.225,-0.033,34.4,0.92,0.9,0.91,5,0.83,0.94,0,0.97,0.9
2025-04-14,1783.3,1523.6,-259.7,1,0.0,0.12,37.5,0.256,-0.024,40.4,0.92,0.9,0.91,5,0.83,0.94,0,0.97,0.87
2025-04-15,1783.3,1701.0,-82.3,0,0.0,0.12,35.7,0.271,-0.037,38.6,0.92,0.9,0.91,6,1.0,0.94,0,0.97,0.95
2025-04-16,1783.3,1659.5,-123.8,0,0.0,0.12,23.7,0.3,-0.075,26.6,0.92,0.9,0.91,5,0.83,0.94,0,0.97,0.92
2025-04-17,1783.3,842.9,-940.4,1,0.0,0.12,26.4,0.224,-0.1,29.3,0.92,0.35,0.64,5,0.83,0.6,1,0.97,0.9
2025-04-18,1783.3,1173.7,-609.6,1,0.0,0.12,35.8,0.246,-0.08,38.7,0.92,0.9,0.91,5,0.83,0.94,1,0.97,0.89
2025-04-19,1783.3,1571.0,-212.3,1,0.0,0.12,33.5,0.232,-0.075,36.4,0.92,0.9,0.91,5,0.83,0.94,0,0.97,0.92
2025-04-20,1783.3,1644.0,-139.3,0,0.0,0.12,41.4,0.244,-0.07,44.3,0.92,0.9,0.91,6,1.0,0.94,0,0.97,0.95
2025-04-21,1783.3,1710.5,-72.8,0,0.3,0.121,35.3,0.283,-0.078,38.2,0.92,0.9,0.91,6,1.0,0.94,0,0.97,0.9
2025-04-22,1783.3,1286.3,-497.0,1,0.0,0.12,37.8,0.267,-0.062,40.7,0.92,0.9,0.91,4,0.67,0.94,0,0.97,0.92
2025-04-23,1783.3,1682.3,-101.0,0,0.0,0.12,34.5,0.231,-0.041,37.4,0.92,0.9,0.91,6,1.0,0.94,0,0.97,0.92
2025-04-24,1783.3,1017.6,-765.7,1,0.0,0.12,30.5,0.232,-0.041,33.4,0.92,0.9,0.91,5,0.83,0.53,0,0.97,0.89
2025-04-25,1783.3,1740.8,-42.5,0,0.0,0.12,35.0,0.271,-0.058,37.9,0.92,0.9,0.91,6,1.0,0.94,0,0.97,0.95
2025-04-26,1783.3,1663.9,-119.4,0,0.0,0.12,46.1,0.247,-0.057,48.0,0.92,0.9,0.91,6,1.0,0.94,0,0.97,0.83
2025-04-27,1783.3,1709.1,-74.2,0,0.0,0.12,35.0,0.23,-0.022,37.9,0.92,0.9,0.91,5,0.83,0.94,0,0.97,1.0
2025-04-28,1783.3,1328.2,-455.1,1,0.0,0.12,34.9,0.243,-0.056,37.8,0.92,0.9,0.91,5,0.83,0.67,0,0.97,0.93
2025-04-29,1783.3,1634.0,-149.3,0,0.0,0.12,41.1,0.226,-0.033,44.0,0.92,0.9,0.91,6,1.0,0.94,0,0.97,0.95
2025-04-30,1783.3,1416.3,-367.0,1,0.0,0.12,44.6,0.254,-0.064,47.5,0.92,0.9,0.91,5,0.83,0.94,0,0.97,0.79
2025-05-01,1783.3,1609.4,-173.9,1,0.0,0.12,35.3,0.24,-0.072,38.2,0.92,0.9,0.91,6,1.0,0.94,0,0.97,0.89
2025-05-02,1783.3,1569.0,-214.3,1,0.6,0.123,35.5,0.261,-0.062,38.4,0.92,0.9,0.91,6,1.0,0.94,0,0.97,0.88
2025-05-03,1783.3,1186.7,-596.6,1,0.0,0.12,36.9,0.247,-0.022,39.8,0.92,0.63,0.78,5,0.83,0.67,0,0.97,0.88
2025-05-04,1783.3,1254.0,-529.3,1,0.0,0.12,34.5,0.261,-0.087,37.4,0.66,0.9,0.78,6,1.0,0.94,0,0.97,0.87
2025-05-05,1783.3,1671.6,-111.7,0,0.0,0.12,41.3,0.256,-0.047,44.2,0.92,0.9,0.91,6,1.0,0.94,0,0.97,0.91
2025-05-06,1783.3,1386.8,-396.5,1,0.0,0.12,33.1,0.213,-0.07,36.0,0.92,0.9,0.91,4,0.67,0.94,0,0.97,0.99
2025-05-07,1783.3,1248.6,-534.7,1,0.0,0.12,43.7,0.209,-0.031,46.6,0.92,0.5,0.71,6,1.0,0.94,0,0.97,0.91
2025-05-08,1783.3,1631.4,-151.9,1,0.0,0.12,38.0,0.253,-0.016,40.9,0.92,0.9,0.91,5,0.83,0.94,0,0.97,0.93
2025-05-09,1783.3,1554.0,-229.3,1,0.0,0.12,32.0,0.27,-0.058,34.9,0.92,0.9,0.91,5,0.83,0.94,0,0.97,0.91
2025-05-10,1783.3,1732.8,-50.5,0,0.0,0.12,36.1,0.254,-0.03,39.0,0.92,0.9,0.91,6,1.0,0.94,0,0.97,0.95
2025-05-11,1783.3,1747.1,-36.2,0,0.0,0.12,33.2,0.254,-0.05,36.1,0.92,0.9,0.91,6,1.0,0.94,0,0.97,0.93
2025-05-12,1783.3,1743.7,-39.6,0,0.0,0.12,31.4,0.272,-0.088,34.3,0.92,0.9,0.91,6,1.0,0.94,0,0.97,0.95
2025-05-13,1783.3,1325.5,-457.8,1,0.0,0.12,38.0,0.244,-0.058,40.9,0.92,0.9,0.91,4,0.67,0.94,0,0.97,0.96
2025-05-14,1783.3,1257.5,-525.8,1,0.0,0.12,35.8,0.295,-0.067,38.7,0.92,0.48,0.7,6,1.0,0.94,0,0.97,0.92
2025-05-15,1783.3,1562.8,-220.5,1,0.0,0.12,38.6,0.221,-0.053,41.5,0.92,0.9,0.91,6,1.0,0.94,0,0.97,0.88
2025-05-16,1783.3,1712.9,-70.4,0,0.0,0.12,35.1,0.246,-0.034,38.0,0.92,0.9,0.91,6,1.0,0.94,0,0.97,0.91
2025-05-17,1783.3,1587.0,-196.3,1,1.0,0.125,22.9,0.238,-0.029,25.8,0.92,0.9,0.91,5,0.83,0.94,0,0.97,0.93
2025-05-18,1783.3,1623.3,-160.0,1,1.2,0.126,27.4,0.253,-0.072,30.3,0.92,0.9,0.91,5,0.83,0.94,0,0.96,0.95
2025-05-19,1783.3,1065.5,-717.8,1,0.0,0.12,40.1,0.236,-0.042,43.0,0.92,0.34,0.63,6,1.0,0.94,0,0.97,0.88
2025-05-20,1783.3,1465.5,-317.8,1,0.0,0.12,32.3,0.215,-0.058,35.2,0.69,0.9,0.79,5,0.83,0.94,0,0.97,0.95
2025-05-21,1783.3,1796.8,13.5,0,0.0,0.12,35.0,0.275,-0.056,37.9,0.92,0.9,0.91,6,1.0,0.94,0,0.97,0.99
2025-05-22,1783.3,1561.0,-222.3,1,0.0,0.12,39.2,0.26,-0.073,42.1,0.92,0.9,0.91,5,0.83,0.94,0,0.97,0.86
2025-05-23,1783.3,932.5,-850.8,1,0.0,0.12,39.5,0.227,-0.053,42.4,0.64,0.41,0.53,5,0.83,0.94,0,0.97,0.9
2025-05-24,1783.3,1351.3,-432.0,1,0.0,0.12,37.5,0.243,-0.059,40.4,0.92,0.9,0.91,4,0.67,0.94,0,0.97,0.95
2025-05-25,1783.3,1606.8,-176.5,1,0.0,0.12,36.7,0.281,-0.071,39.6,0.92,0.9,0.91,5,0.83,0.94,0,0.97,0.92
2025-05-26,1783.3,1423.4,-359.9,1,1.0,0.125,41.0,0.281,-0.026,43.9,0.92,0.55,0.73,5,0.83,0.94,0,0.97,0.94
2025-05-27,1783.3,1535.5,-247.8,1,0.0,0.12,43.3,0.258,-0.067,46.2,0.92,0.9,0.91,6,1.0,0.94,0,0.97,0.87
2025-05-28,1783.3,1745.2,-38.1,0,0.0,0.12,35.1,0.227,-0.055,38.0,0.92,0.9,0.91,6,1.0,0.94,0,0.97,0.94
2025-05-29,1783.3,931.7,-851.6,1,0.0,0.12,33.1,0.25,-0.042,36.0,0.92,0.9,0.91,4,0.67,0.51,0,0.97,0.94
2025-05-30,1783.3,1433.4,-349.9,1,0.0,0.12,31.1,0.225,-0.042,34.0,0.92,0.58,0.75,6,1.0,0.94,0,0.97,0.9
2025-05-31,1783.3,1557.7,-225.6,1,0.0,0.12,38.7,0.251,-0.078,41.6,0.92,0.9,0.91,5,0.83,0.94,0,0.97,0.91
2025-06-01,1683.3,1402.7,-280.6,1,5.0,0.385,26.9,0.604,0.052,28.4,0.92,0.9,0.91,5,0.83,0.94,0,0.89,0.89
2025-06-02,1683.3,1083.2,-600.1,1,24.0,0.522,27.0,0.597,0.117,27.9,0.92,0.59,0.75,4,0.67,0.94,0,0.85,0.87
2025-06-03,1683.3,1155.5,-527.8,1,1.6,0.361,26.1,0.582,0.049,27.8,0.92,0.9,0.91,4,0.67,0.73,0,0.9,0.89
2025-06-04,1683.3,1218.6,-464.7,1,3.9,0.378,27.2,0.624,0.046,28.8,0.92,0.9,0.91,4,0.67,0.94,0,0.89,0.96
2025-06-05,1683.3,1568.4,-114.9,0,4.7,0.383,32.0,0.62,0.049,33.5,0.92,0.9,0.91,5,0.83,0.94,0,0.89,0.96
2025-06-06,1683.3,1739.4,56.1,0,5.7,0.391,26.1,0.602,0.029,27.6,0.92,0.9,0.91,6,1.0,0.94,0,0.89,0.96
2025-06-07,1683.3,575.1,-1108.2,1,87.3,0.95,32.7,0.599,0.272,31.4,0.92,0.9,0.91,4,0.67,0.94,1,0.58,0.88
2025-06-08,1683.3,1749.0,65.7,0,10.3,0.424,28.4,0.605,0.101,29.8,0.92,0.9,0.91,6,1.0,0.94,0,0.88,0.94
2025-06-09,1683.3,1273.5,-409.8,1,3.3,0.374,27.8,0.61,0.085,29.4,0.92,0.9,0.91,6,1.0,0.94,1,0.9,0.86
2025-06-10,1683.3,952.1,-731.2,1,54.7,0.741,33.3,0.586,0.245,33.1,0.92,0.9,0.91,6,1.0,0.94,1,0.64,0.91
2025-06-11,1683.3,559.2,-1124.1,1,109.2,0.95,25.7,0.609,0.269,24.5,0.92,0.9,0.91,6,1.0,0.58,2,0.58,0.86
2025-06-12,1683.3,1722.1,38.8,0,4.6,0.383,27.1,0.591,0.024,28.7,0.92,0.9,0.91,6,1.0,0.94,0,0.89,0.94
2025-06-13,1683.3,1615.7,-67.6,0,0.0,0.35,31.4,0.604,0.042,33.1,0.92,0.9,0.91,5,0.83,0.94,0,0.9,0.98
2025-06-14,1683.3,591.4,-1091.9,1,49.1,0.701,28.2,0.58,0.185,28.2,0.92,0.9,0.91,5,0.83,0.94,2,0.65,0.91
2025-06-15,1683.3,1240.5,-442.8,1,4.8,0.384,25.7,0.607,0.04,27.3,0.92,0.9,0.91,5,0.83,0.94,1,0.89,0.94
2025-06-16,1683.3,1384.5,-298.8,1,32.3,0.581,25.9,0.595,0.123,26.5,0.92,0.9,0.91,6,1.0,0.94,0,0.69,0.9
2025-06-17,1683.3,1692.9,9.6,0,8.1,0.408,25.8,0.576,0.078,27.3,0.92,0.9,0.91,6,1.0,0.94,0,0.89,0.95
2025-06-18,1683.3,1151.5,-531.8,1,2.1,0.365,31.5,0.615,0.038,33.1,0.92,0.48,0.7,4,0.67,0.94,0,0.9,0.9
2025-06-19,1683.3,1671.0,-12.3,0,2.3,0.367,28.2,0.609,0.042,29.9,0.92,0.9,0.91,6,1.0,0.94,0,0.9,0.92
2025-06-20,1683.3,1850.3,167.0,0,6.1,0.394,31.3,0.612,0.041,32.8,0.92,0.9,0.91,6,1.0,0.94,0,0.89,0.98
2025-06-21,1683.3,1794.1,110.8,0,17.2,0.473,31.1,0.63,0.094,32.3,0.92,0.9,0.91,6,1.0,0.94,0,0.87,0.97
2025-06-22,1683.3,649.0,-1034.3,1,138.7,0.95,24.0,0.593,0.279,22.8,0.92,0.9,0.91,4,0.67,0.94,1,0.58,0.91
2025-06-23,1683.3,1631.9,-51.4,0,1.4,0.36,33.4,0.597,0.062,35.1,0.92,0.9,0.91,5,0.83,0.94,0,0.9,0.96
2025-06-24,1683.3,1437.8,-245.5,1,3.1,0.372,30.9,0.636,0.055,32.5,0.6,0.9,0.75,5,0.83,0.94,0,0.9,0.98
2025-06-25,1683.3,1118.1,-565.2,1,39.3,0.631,31.7,0.589,0.144,32.0,0.54,0.57,0.56,6,1.0,0.94,0,0.67,0.98
2025-06-26,1683.3,1630.5,-52.8,0,27.0,0.543,27.5,0.618,0.091,28.3,0.92,0.9,0.91,6,1.0,0.94,0,0.85,0.92
2025-06-27,1683.3,1438.5,-244.8,1,4.4,0.381,28.0,0.588,0.051,29.6,0.92,0.9,0.91,5,0.83,0.94,0,0.89,0.91
2025-06-28,1683.3,1290.3,-393.0,1,10.5,0.425,26.4,0.592,0.093,27.7,0.92,0.54,0.73,6,1.0,0.94,0,0.88,0.91
2025-06-29,1683.3,1412.0,-271.3,1,26.0,0.536,31.8,0.584,0.112,32.7,0.92,0.9,0.91,5,0.83,0.94,0,0.85,0.95
2025-06-30,1683.3,1459.0,-224.3,1,3.2,0.373,29.6,0.614,0.021,31.2,0.53,0.9,0.72,5,0.83,0.94,0,0.9,1.0
2025-07-01,1683.3,1306.2,-377.1,1,34.8,0.599,27.6,0.609,0.169,28.1,0.92,0.45,0.68,6,1.0,0.94,0,0.68,0.95
2025-07-02,1683.3,1414.0,-269.3,1,24.6,0.526,29.0,0.599,0.116,29.9,0.92,0.9,0.91,5,0.83,0.94,0,0.85,0.96
2025-07-03,1683.3,1682.1,-1.2,0,2.9,0.37,28.8,0.607,0.048,30.4,0.92,0.9,0.91,6,1.0,0.94,0,0.9,0.93
2025-07-04,1683.3,1482.6,-200.7,1,42.2,0.651,28.7,0.594,0.19,29.0,0.92,0.9,0.91,6,1.0,0.94,0,0.67,0.95
2025-07-05,1683.3,750.0,-933.3,1,70.9,0.856,32.9,0.624,0.262,32.1,0.92,0.9,0.91,5,0.83,0.94,1,0.61,0.97
2025-07-06,1683.3,1656.0,-27.3,0,1.5,0.36,29.7,0.615,0.017,31.4,0.92,0.9,0.91,6,1.0,0.94,0,0.9,0.94
2025-07-07,1683.3,1689.4,6.1,0,2.9,0.371,30.9,0.6,0.003,32.5,0.92,0.9,0.91,6,1.0,0.94,0,0.9,0.91
2025-07-08,1683.3,1528.1,-155.2,1,21.4,0.503,30.5,0.598,0.121,31.5,0.92,0.9,0.91,5,0.83,0.94,0,0.86,0.92
2025-07-09,1683.3,1207.9,-475.4,1,12.1,0.436,30.2,0.594,0.025,31.5,0.46,0.9,0.68,4,0.67,0.94,0,0.88,0.93
2025-07-10,1683.3,1424.8,-258.5,1,2.2,0.365,28.7,0.603,0.046,30.3,0.92,0.61,0.77,5,0.83,0.94,0,0.9,0.94
2025-07-11,1683.3,1108.6,-574.7,1,32.0,0.579,29.3,0.609,0.104,29.9,0.92,0.9,0.91,5,0.83,0.94,0,0.69,0.9
2025-07-12,1683.3,1192.9,-490.4,1,1.6,0.361,25.0,0.59,0.035,26.7,0.92,0.9,0.91,4,0.67,0.94,0,0.9,0.94
2025-07-13,1683.3,1355.8,-327.5,1,11.6,0.433,26.7,0.587,0.069,28.0,0.92,0.9,0.91,5,0.83,0.94,0,0.88,0.87
2025-07-14,1683.3,1145.2,-538.1,1,3.6,0.376,32.2,0.611,0.042,33.8,0.92,0.9,0.91,4,0.67,0.94,0,0.89,0.94
2025-07-15,1683.3,1517.0,-166.3,1,1.9,0.363,30.1,0.627,0.065,31.7,0.92,0.9,0.91,5,0.83,0.94,0,0.9,0.93
2025-07-16,1683.3,1241.8,-441.5,1,4.2,0.38,26.2,0.602,0.067,27.8,0.92,0.9,0.91,4,0.67,0.94,0,0.89,0.93
2025-07-17,1683.3,1417.7,-265.6,1,44.5,0.668,26.5,0.595,0.168,26.7,0.92,0.9,0.91,6,1.0,0.94,0,0.66,1.0
2025-07-18,1683.3,1455.0,-228.3,1,9.8,0.42,32.3,0.649,0.07,33.7,0.92,0.9,0.91,5,0.83,0.94,0,0.88,0.98
2025-07-19,1683.3,1390.7,-292.6,1,2.2,0.366,25.6,0.606,0.047,27.3,0.92,0.9,0.91,5,0.83,0.94,0,0.9,0.88
2025-07-20,1683.3,1498.6,-184.7,1,2.2,0.366,28.7,0.629,0.026,30.4,0.92,0.61,0.77,5,0.83,0.94,0,0.9,0.98
2025-07-21,1683.3,1417.2,-266.1,1,8.9,0.414,28.2,0.583,0.062,29.6,0.92,0.9,0.91,5,0.83,0.94,0,0.88,0.89
2025-07-22,1683.3,1630.6,-52.7,0,0.4,0.353,29.4,0.646,0.053,31.1,0.92,0.9,0.91,6,1.0,0.94,0,0.9,0.89
2025-07-23,1683.3,1189.9,-493.4,1,11.0,0.429,24.1,0.593,0.064,25.5,0.92,0.9,0.91,4,0.67,0.94,0,0.88,0.94
2025-07-24,1683.3,1629.6,-53.7,0,1.7,0.362,27.9,0.55,0.046,29.6,0.92,0.9,0.91,5,0.83,0.94,0,0.9,0.99
2025-07-25,1683.3,1357.2,-326.1,1,4.8,0.384,25.7,0.57,0.048,27.3,0.92,0.51,0.72,5,0.83,0.94,0,0.89,0.94
2025-07-26,1683.3,1328.2,-355.1,1,14.1,0.451,30.6,0.6,0.094,31.8,0.92,0.9,0.91,5,0.83,0.94,0,0.87,0.84
2025-07-27,1683.3,1452.9,-230.4,1,2.4,0.367,31.8,0.595,0.075,33.4,0.92,0.58,0.75,5,0.83,0.94,0,0.9,0.92
2025-07-28,1683.3,558.9,-1124.4,1,51.3,0.717,29.8,0.605,0.184,29.7,0.92,0.9,0.91,6,1.0,0.94,2,0.65,0.87
2025-07-29,1683.3,423.2,-1260.1,1,45.6,0.675,23.9,0.587,0.153,24.0,0.92,0.9,0.91,4,0.67,0.94,2,0.66,0.88
2025-07-30,1683.3,1076.9,-606.4,1,22.8,0.513,29.6,0.571,0.122,30.6,0.92,0.9,0.91,4,0.67,0.94,0,0.86,0.87
2025-07-31,1683.3,1613.7,-69.6,0,11.6,0.433,28.9,0.568,0.06,30.3,0.92,0.9,0.91,6,1.0,0.94,0,0.88,0.91
2025-08-01,1683.3,1709.8,26.5,0,3.7,0.376,30.6,0.603,0.039,32.2,0.92,0.9,0.91,6,1.0,0.94,0,0.89,0.95
2025-08-02,1683.3,1423.4,-259.9,1,36.9,0.614,25.8,0.614,0.144,26.3,0.92,0.9,0.91,6,1.0,0.94,0,0.68,1.0
2025-08-03,1683.3,1215.3,-468.0,1,18.8,0.484,30.9,0.612,0.12,32.0,0.92,0.9,0.91,4,0.67,0.94,0,0.86,0.94
2025-08-04,1683.3,710.8,-972.5,1,22.1,0.508,25.8,0.589,0.033,26.7,0.92,0.9,0.91,5,0.83,0.56,1,0.86,0.89
2025-08-05,1683.3,1113.2,-570.1,1,28.6,0.554,27.2,0.611,0.092,27.9,0.92,0.9,0.91,4,0.67,0.94,0,0.84,0.88
2025-08-06,1683.3,1232.5,-450.8,1,19.3,0.488,27.6,0.567,0.079,28.6,0.92,0.56,0.74,5,0.83,0.94,0,0.86,0.88
2025-08-07,1683.3,1712.2,28.9,0,4.7,0.384,30.4,0.626,0.05,32.0,0.92,0.9,0.91,6,1.0,0.94,0,0.89,0.93
2025-08-08,1683.3,1399.8,-283.5,1,28.3,0.552,32.0,0.603,0.134,32.7,0.92,0.9,0.91,5,0.83,0.94,0,0.85,0.88
2025-08-09,1683.3,976.8,-706.5,1,1.8,0.363,26.0,0.601,0.039,27.7,0.92,0.9,0.91,5,0.83,0.94,1,0.9,0.86
2025-08-10,1683.3,1382.9,-300.4,1,4.3,0.381,27.8,0.567,0.057,29.4,0.92,0.9,0.91,5,0.83,0.94,0,0.89,0.88
2025-08-11,1683.3,1762.1,78.8,0,12.2,0.437,27.7,0.576,0.061,29.0,0.92,0.9,0.91,6,1.0,0.94,0,0.88,0.91
2025-08-12,1683.3,1252.3,-431.0,1,3.1,0.372,28.1,0.612,0.039,29.7,0.92,0.9,0.91,4,0.67,0.94,0,0.9,0.99
2025-08-13,1683.3,1503.1,-180.2,1,9.4,0.417,23.7,0.612,0.045,25.1,0.92,0.9,0.91,5,0.83,0.94,0,0.88,0.95
2025-08-14,1683.3,1423.9,-259.4,1,0.5,0.354,24.0,0.618,0.017,25.7,0.92,0.9,0.91,5,0.83,0.94,0,0.9,0.91
2025-08-15,1683.3,1406.4,-276.9,1,8.2,0.409,23.6,0.606,0.072,25.1,0.92,0.63,0.78,5,0.83,0.94,0,0.89,0.91
2025-08-16,1683.3,1469.8,-213.5,1,2.1,0.365,24.4,0.601,0.047,26.0,0.92,0.9,0.91,5,0.83,0.94,0,0.9,0.91
2025-08-17,1683.3,1143.8,-539.5,1,4.2,0.38,28.2,0.601,0.062,29.8,0.92,0.9,0.91,5,0.83,0.94,1,0.89,0.89
2025-08-18,1683.3,1556.9,-126.4,0,4.8,0.384,28.0,0.632,0.039,29.6,0.92,0.9,0.91,6,1.0,0.94,0,0.89,0.86
2025-08-19,1683.3,1480.4,-202.9,1,1.0,0.357,31.8,0.596,0.037,33.5,0.92,0.9,0.91,5,0.83,0.94,0,0.9,0.9
2025-08-20,1683.3,1555.5,-127.8,0,3.1,0.372,25.6,0.593,0.026,27.2,0.92,0.9,0.91,5,0.83,0.94,0,0.9,0.94
2025-08-21,1683.3,679.3,-1004.0,1,53.4,0.731,27.7,0.613,0.173,27.6,0.92,0.9,0.91,4,0.67,0.94,1,0.65,0.92
2025-08-22,1683.3,1395.5,-287.8,1,1.1,0.358,25.2,0.585,0.038,26.9,0.92,0.9,0.91,5,0.83,0.94,0,0.9,0.87
2025-08-23,1683.3,1670.6,-12.7,0,4.0,0.378,22.1,0.604,0.043,23.7,0.92,0.9,0.91,5,0.83,0.94,0,0.89,0.95
2025-08-24,1683.3,1255.9,-427.4,1,3.1,0.372,27.2,0.612,0.039,28.8,0.92,0.57,0.74,5,0.83,0.94,0,0.9,0.89
2025-08-25,1683.3,1214.2,-469.1,1,0.2,0.352,32.2,0.575,0.034,34.0,0.92,0.9,0.91,4,0.67,0.94,0,0.9,0.95
2025-08-26,1683.3,1706.4,23.1,0,0.2,0.352,30.4,0.592,0.034,32.2,0.92,0.9,0.91,6,1.0,0.94,0,0.9,0.92
2025-08-27,1683.3,643.4,-1039.9,1,59.9,0.778,30.9,0.595,0.201,30.5,0.92,0.9,0.91,6,1.0,0.94,2,0.63,0.91
2025-08-28,1683.3,705.7,-977.6,1,7.1,0.401,27.8,0.634,0.06,29.3,0.44,0.32,0.38,6,1.0,0.94,0,0.89,0.98
2025-08-29,1683.3,1605.5,-77.8,0,1.7,0.362,29.3,0.59,0.079,31.0,0.92,0.9,0.91,6,1.0,0.94,0,0.9,0.93
2025-08-30,1683.3,474.6,-1208.7,1,109.5,0.95,27.1,0.594,0.271,25.8,0.92,0.9,0.91,5,0.83,0.94,2,0.58,0.9
2025-08-31,1683.3,1223.5,-459.8,1,3.0,0.371,30.3,0.612,0.069,32.0,0.41,0.9,0.66,4,0.67,0.94,0,0.9,0.91
2025-09-01,1683.3,1495.0,-188.3,1,18.2,0.48,29.7,0.615,0.1,30.8,0.92,0.9,0.91,5,0.83,0.94,0,0.87,0.93
2025-09-02,1683.3,1778.7,95.4,0,0.9,0.357,27.6,0.621,0.037,29.3,0.92,0.9,0.91,6,1.0,0.94,0,0.9,1.0
2025-09-03,1683.3,1462.0,-221.3,1,3.1,0.372,32.0,0.551,0.036,33.6,0.92,0.58,0.75,6,1.0,0.94,0,0.9,0.96
2025-09-04,1683.3,1646.8,-36.5,0,1.5,0.361,30.1,0.597,-0.007,31.8,0.92,0.9,0.91,6,1.0,0.94,0,0.9,0.9
2025-09-05,1683.3,1650.9,-32.4,0,0.7,0.355,23.8,0.617,0.052,25.5,0.92,0.9,0.91,6,1.0,0.94,0,0.9,0.93
2025-09-06,1683.3,1414.9,-268.4,1,0.6,0.354,33.6,0.6,0.035,35.4,0.92,0.9,0.91,5,0.83,0.94,0,0.9,0.89
2025-09-07,1683.3,1153.7,-529.6,1,8.3,0.41,27.7,0.58,0.053,29.2,0.92,0.9,0.91,4,0.67,0.94,0,0.89,0.92
2025-09-08,1683.3,1595.8,-87.5,0,4.5,0.382,29.2,0.605,0.019,30.8,0.92,0.9,0.91,6,1.0,0.94,0,0.89,0.9
2025-09-09,1683.3,1187.3,-496.0,1,31.8,0.577,21.5,0.591,0.152,22.2,0.59,0.9,0.74,5,0.83,0.94,0,0.69,0.96
2025-09-10,1683.3,1107.5,-575.8,1,7.2,0.401,27.6,0.602,0.083,29.1,0.92,0.9,0.91,5,0.83,0.58,0,0.89,0.92
2025-09-11,1683.3,1141.7,-541.6,1,34.6,0.597,26.1,0.617,0.108,26.6,0.92,0.9,0.91,5,0.83,0.94,0,0.68,0.88
2025-09-12,1683.3,1447.7,-235.6,1,14.0,0.45,26.6,0.614,0.087,27.8,0.66,0.9,0.78,5,0.83,0.94,0,0.87,0.9
2025-09-13,1683.3,1644.1,-39.2,0,0.1,0.35,28.4,0.594,0.031,30.2,0.92,0.9,0.91,5,0.83,0.94,0,0.9,0.98
2025-09-14,1683.3,1566.5,-116.8,0,17.2,0.473,28.9,0.602,0.127,30.1,0.92,0.9,0.91,6,1.0,0.94,0,0.87,0.84
2025-09-15,1683.3,871.8,-811.5,1,85.0,0.95,27.9,0.607,0.293,26.7,0.92,0.9,0.91,6,1.0,0.74,1,0.58,0.9
2025-09-16,1683.3,1463.1,-220.2,1,29.8,0.563,30.3,0.603,0.111,31.0,0.92,0.6,0.76,6,1.0,0.94,0,0.84,0.96
2025-09-17,1683.3,1392.4,-290.9,1,2.9,0.371,30.6,0.635,0.06,32.3,0.92,0.9,0.91,5,0.83,0.94,0,0.9,0.86
2025-09-18,1683.3,1171.0,-512.3,1,8.8,0.413,19.4,0.581,0.032,20.8,0.92,0.45,0.68,6,1.0,0.94,0,0.88,0.92
2025-09-19,1683.3,966.0,-717.3,1,4.5,0.382,31.1,0.576,0.051,32.7,0.92,0.9,0.91,4,0.67,0.54,0,0.89,0.89
2025-09-20,1683.3,1648.0,-35.3,0,6.2,0.394,27.9,0.578,0.089,29.4,0.92,0.9,0.91,6,1.0,0.94,0,0.89,0.9
2025-09-21,1683.3,974.3,-709.0,1,65.0,0.814,28.3,0.599,0.236,27.7,0.92,0.9,0.91,6,1.0,0.94,1,0.62,1.0
2025-09-22,1683.3,1370.5,-312.8,1,2.7,0.369,29.0,0.611,0.021,30.6,0.92,0.9,0.91,5,0.83,0.94,0,0.9,0.94
2025-09-23,1683.3,1613.0,-70.3,0,4.1,0.379,30.5,0.601,0.047,32.1,0.92,0.9,0.91,6,1.0,0.94,0,0.89,0.91
2025-09-24,1683.3,1214.2,-469.1,1,42.8,0.656,27.3,0.599,0.167,27.5,0.92,0.9,0.91,6,1.0,0.94,0,0.67,0.88
2025-09-25,1683.3,1473.8,-209.5,1,35.6,0.604,20.9,0.59,0.14,21.4,0.92,0.9,0.91,6,1.0,0.94,0,0.68,0.96
2025-09-26,1683.3,1861.2,177.9,0,0.8,0.356,31.3,0.603,0.046,33.1,0.92,0.9,0.91,6,1.0,0.94,0,0.9,0.99
2025-09-27,1683.3,1405.6,-277.7,1,4.1,0.379,30.1,0.589,0.049,31.7,0.92,0.9,0.91,5,0.83,0.94,0,0.89,0.87
2025-09-28,1683.3,1306.0,-377.3,1,3.6,0.376,30.8,0.611,0.062,32.4,0.58,0.9,0.74,5,0.83,0.94,0,0.89,0.94
2025-09-29,1683.3,1587.9,-95.4,0,4.6,0.383,29.1,0.589,0.054,30.7,0.92,0.9,0.91,6,1.0,0.94,0,0.89,0.91
2025-09-30,1683.3,1531.9,-151.4,1,3.3,0.374,32.2,0.623,0.034,33.8,0.92,0.9,0.91,5,0.83,0.94,0,0.9,0.99
2025-10-01,1783.3,1197.6,-585.7,1,0.0,0.12,23.0,0.238,-0.038,25.9,0.92,0.9,0.91,4,0.67,0.94,0,0.97,0.88
2025-10-02,1783.3,1251.1,-532.2,1,0.0,0.12,28.6,0.246,-0.045,31.5,0.92,0.9,0.91,4,0.67,0.94,0,0.97,0.86
2025-10-03,1783.3,1713.9,-69.4,0,0.0,0.12,29.1,0.246,-0.066,32.0,0.92,0.9,0.91,6,1.0,0.94,0,0.97,0.91
2025-10-04,1783.3,1607.0,-176.3,1,1.3,0.126,24.5,0.226,-0.057,27.3,0.92,0.9,0.91,6,1.0,0.94,0,0.96,0.86
2025-10-05,1783.3,1069.7,-713.6,1,0.0,0.12,25.9,0.23,-0.068,28.8,0.56,0.58,0.57,5,0.83,0.94,0,0.97,0.87
2025-10-06,1783.3,1439.2,-344.1,1,0.0,0.12,24.5,0.233,-0.103,27.4,0.92,0.9,0.91,5,0.83,0.94,0,0.97,0.86
2025-10-07,1783.3,1381.8,-401.5,1,0.0,0.12,26.7,0.252,-0.06,29.6,0.92,0.9,0.91,5,0.83,0.94,0,0.97,0.83
2025-10-08,1783.3,1097.5,-685.8,1,0.0,0.12,30.2,0.269,-0.067,33.1,0.43,0.9,0.67,6,1.0,0.63,0,0.97,0.85
2025-10-09,1783.3,1132.3,-651.0,1,0.0,0.12,16.9,0.235,-0.081,20.0,0.92,0.9,0.91,4,0.67,0.94,0,0.97,0.92
2025-10-10,1783.3,1255.6,-527.7,1,0.0,0.12,25.1,0.226,-0.063,28.0,0.92,0.9,0.91,4,0.67,0.94,0,0.97,0.94
2025-10-11,1783.3,1699.7,-83.6,0,0.0,0.12,22.2,0.242,-0.045,25.1,0.92,0.9,0.91,6,1.0,0.94,0,0.97,0.92
2025-10-12,1783.3,1853.7,70.4,0,0.0,0.12,20.0,0.315,-0.079,22.9,0.92,0.9,0.91,6,1.0,0.94,0,0.97,0.98
2025-10-13,1783.3,1669.6,-113.7,0,0.0,0.12,24.4,0.248,-0.068,27.3,0.92,0.9,0.91,6,1.0,0.94,0,0.97,0.92
2025-10-14,1783.3,1577.3,-206.0,1,0.0,0.12,27.9,0.263,-0.063,30.8,0.92,0.9,0.91,5,0.83,0.94,0,0.97,0.92
2025-10-15,1783.3,1648.9,-134.4,0,0.0,0.12,26.3,0.304,-0.012,29.2,0.92,0.9,0.91,5,0.83,0.94,0,0.97,0.94
2025-10-16,1783.3,1609.2,-174.1,1,0.0,0.12,28.8,0.237,-0.082,31.7,0.92,0.9,0.91,6,1.0,0.94,0,0.97,0.88
2025-10-17,1783.3,1666.9,-116.4,0,0.0,0.12,32.4,0.27,-0.074,35.3,0.92,0.9,0.91,5,0.83,0.94,0,0.97,0.94
2025-10-18,1783.3,1449.5,-333.8,1,0.0,0.12,24.2,0.264,-0.025,27.1,0.92,0.57,0.75,6,1.0,0.94,0,0.97,0.96
2025-10-19,1783.3,1560.6,-222.7,1,0.0,0.12,33.2,0.245,-0.079,36.1,0.92,0.9,0.91,5,0.83,0.94,0,0.97,0.91
2025-10-20,1783.3,1621.1,-162.2,1,0.0,0.12,24.1,0.26,-0.077,27.0,0.92,0.9,0.91,5,0.83,0.94,0,0.97,0.91
2025-10-21,1783.3,1155.6,-627.7,1,0.0,0.12,22.5,0.221,-0.033,25.4,0.92,0.9,0.91,4,0.67,0.94,0,0.97,0.83
2025-10-22,1783.3,1299.2,-484.1,1,0.0,0.12,22.0,0.263,-0.053,24.9,0.92,0.9,0.91,4,0.67,0.94,0,0.97,0.9
2025-10-23,1783.3,1763.3,-20.0,0,0.0,0.12,17.8,0.225,-0.126,20.7,0.92,0.9,0.91,6,1.0,0.94,0,0.97,0.94
2025-10-24,1783.3,1340.9,-442.4,1,0.0,0.12,26.4,0.235,-0.05,29.3,0.92,0.9,0.91,4,0.67,0.94,0,0.97,0.95
2025-10-25,1783.3,1628.2,-155.1,1,0.0,0.12,19.6,0.251,-0.075,22.5,0.92,0.9,0.91,6,1.0,0.94,0,0.97,0.9
2025-10-26,1783.3,1637.2,-146.1,0,0.0,0.12,17.2,0.212,-0.052,20.1,0.92,0.9,0.91,5,0.83,0.94,0,0.97,0.92
2025-10-27,1783.3,1472.2,-311.1,1,0.0,0.12,31.7,0.266,-0.066,34.6,0.66,0.9,0.78,6,1.0,0.94,0,0.97,0.93
2025-10-28,1783.3,1499.9,-283.4,1,1.8,0.129,21.4,0.242,-0.048,24.2,0.69,0.9,0.8,5,0.83,0.94,0,0.96,0.96
2025-10-29,1783.3,1461.0,-322.3,1,1.6,0.128,22.0,0.288,-0.098,24.8,0.92,0.9,0.91,5,0.83,0.94,0,0.96,0.89
2025-10-30,1783.3,1307.9,-475.4,1,0.0,0.12,32.7,0.229,-0.057,35.6,0.92,0.9,0.91,6,1.0,0.94,1,0.97,0.9
2025-10-31,1783.3,1606.9,-176.4,1,0.0,0.12,28.0,0.286,-0.063,30.9,0.92,0.9,0.91,6,1.0,0.94,0,0.97,0.92
2025-11-01,1783.3,1665.6,-117.7,0,0.0,0.12,28.2,0.22,-0.081,31.1,0.92,0.9,0.91,6,1.0,0.94,0,0.97,0.91
2025-11-02,1783.3,1383.7,-399.6,1,0.0,0.12,25.4,0.272,-0.072,28.3,0.92,0.9,0.91,4,0.67,0.94,0,0.97,1.0
2025-11-03,1783.3,1677.0,-106.3,0,2.7,0.134,26.3,0.201,-0.035,29.1,0.92,0.9,0.91,6,1.0,0.94,0,0.96,0.91
2025-11-04,1783.3,1455.5,-327.8,1,0.0,0.12,26.5,0.247,-0.059,29.4,0.92,0.62,0.77,6,1.0,0.94,0,0.97,0.97
2025-11-05,1783.3,1251.5,-531.8,1,0.0,0.12,23.1,0.255,-0.029,26.0,0.92,0.9,0.91,4,0.67,0.94,0,0.97,0.9
2025-11-06,1783.3,1045.0,-738.3,1,0.0,0.12,22.2,0.256,-0.057,25.1,0.92,0.9,0.91,5,0.83,0.53,0,0.97,0.92
2025-11-07,1783.3,1606.6,-176.7,1,1.2,0.126,25.7,0.243,-0.061,28.6,0.92,0.9,0.91,5,0.83,0.94,0,0.96,0.92
2025-11-08,1783.3,1519.1,-264.2,1,0.0,0.12,19.1,0.247,-0.069,22.0,0.92,0.9,0.91,6,1.0,0.94,0,0.97,0.88
2025-11-09,1783.3,1629.8,-153.5,1,0.0,0.12,18.6,0.269,-0.024,21.5,0.92,0.9,0.91,6,1.0,0.94,0,0.97,0.95
2025-11-10,1783.3,1553.3,-230.0,1,0.0,0.12,30.3,0.281,-0.049,33.2,0.92,0.9,0.91,5,0.83,0.94,0,0.97,0.91
2025-11-11,1783.3,1725.1,-58.2,0,0.7,0.123,27.3,0.257,-0.05,30.2,0.92,0.9,0.91,6,1.0,0.94,0,0.97,0.92
2025-11-12,1783.3,1205.8,-577.5,1,0.0,0.12,21.6,0.261,-0.053,24.5,0.92,0.9,0.91,4,0.67,0.94,0,0.97,0.9
2025-11-13,1783.3,1461.3,-322.0,1,0.0,0.12,25.1,0.241,-0.028,28.0,0.92,0.9,0.91,5,0.83,0.94,0,0.97,0.89
2025-11-14,1783.3,1044.3,-739.0,1,0.0,0.12,22.8,0.185,-0.076,25.7,0.58,0.9,0.74,5,0.83,0.94,1,0.97,0.99
2025-11-15,1783.3,1225.7,-557.6,1,0.0,0.12,15.7,0.256,-0.032,20.0,0.92,0.36,0.64,5,0.83,0.94,0,0.97,0.86
2025-11-16,1783.3,1742.1,-41.2,0,0.0,0.12,28.8,0.284,-0.053,31.7,0.92,0.9,0.91,6,1.0,0.94,0,0.97,0.95
2025-11-17,1783.3,1280.6,-502.7,1,0.0,0.12,24.1,0.236,-0.034,27.0,0.92,0.9,0.91,4,0.67,0.94,0,0.97,0.91
2025-11-18,1783.3,1288.1,-495.2,1,8.8,0.164,32.3,0.253,-0.043,34.9,0.59,0.9,0.75,6,1.0,0.74,0,0.95,0.94
2025-11-19,1783.3,1563.2,-220.1,1,0.0,0.12,20.7,0.26,-0.055,23.6,0.92,0.9,0.91,5,0.83,0.94,0,0.97,0.94
2025-11-20,1783.3,1589.7,-193.6,1,0.3,0.122,28.7,0.255,-0.06,31.6,0.92,0.9,0.91,5,0.83,0.94,0,0.97,0.93
2025-11-21,1783.3,1696.3,-87.0,0,0.0,0.12,23.1,0.249,-0.073,26.0,0.92,0.9,0.91,6,1.0,0.94,0,0.97,0.92
2025-11-22,1783.3,1774.2,-9.1,0,0.8,0.124,22.0,0.254,-0.06,24.8,0.92,0.9,0.91,6,1.0,0.94,0,0.97,0.98
2025-11-23,1783.3,1273.8,-509.5,1,0.0,0.12,21.9,0.227,-0.031,24.8,0.92,0.9,0.91,6,1.0,0.94,1,0.97,0.96
2025-11-24,1783.3,1391.3,-392.0,1,0.0,0.12,29.2,0.245,-0.041,32.1,0.58,0.9,0.74,5,0.83,0.94,0,0.97,0.97
2025-11-25,1783.3,1654.0,-129.3,0,0.0,0.12,24.8,0.255,-0.052,27.7,0.92,0.9,0.91,5,0.83,0.94,0,0.97,0.97
2025-11-26,1783.3,1190.4,-592.9,1,0.0,0.12,23.3,0.244,-0.083,26.2,0.92,0.46,0.69,5,0.83,0.94,0,0.97,0.86
2025-11-27,1783.3,1756.3,-27.0,0,0.0,0.12,15.0,0.244,-0.089,20.0,0.92,0.9,0.91,6,1.0,0.94,0,0.97,0.94
2025-11-28,1783.3,1555.3,-228.0,1,0.2,0.121,18.0,0.268,-0.064,20.9,0.92,0.9,0.91,5,0.83,0.94,0,0.97,0.92
2025-11-29,1783.3,1363.3,-420.0,1,0.0,0.12,27.4,0.217,-0.074,30.3,0.92,0.47,0.7,4,0.67,0.94,0,0.97,0.98
2025-11-30,1783.3,1787.4,4.1,0,0.0,0.12,25.2,0.24,-0.019,28.1,0.92,0.9,0.91,6,1.0,0.94,0,0.97,0.95
2025-12-01,1783.3,914.4,-868.9,1,0.0,0.12,26.3,0.261,-0.064,29.2,0.92,0.47,0.7,5,0.83,0.5,0,0.97,0.88
2025-12-02,1783.3,1715.0,-68.3,0,0.0,0.12,26.3,0.236,-0.049,29.2,0.92,0.9,0.91,6,1.0,0.94,0,0.97,0.94
2025-12-03,1783.3,1168.6,-614.7,1,0.0,0.12,33.4,0.232,-0.047,36.3,0.48,0.9,0.69,6,1.0,0.94,0,0.97,0.88
2025-12-04,1783.3,1359.0,-424.3,1,0.0,0.12,25.0,0.243,-0.046,27.9,0.92,0.9,0.91,4,0.67,0.94,0,0.97,0.95
2025-12-05,1783.3,1534.9,-248.4,1,0.0,0.12,31.2,0.243,-0.077,34.1,0.92,0.9,0.91,5,0.83,0.94,0,0.97,0.91
2025-12-06,1783.3,1853.0,69.7,0,0.0,0.12,22.5,0.241,-0.074,25.4,0.92,0.9,0.91,6,1.0,0.94,0,0.97,1.0
2025-12-07,1783.3,1119.1,-664.2,1,0.0,0.12,19.6,0.236,-0.082,22.5,0.92,0.45,0.68,5,0.83,0.94,0,0.97,0.85
2025-12-08,1783.3,1393.8,-389.5,1,0.0,0.12,17.9,0.234,-0.062,20.8,0.92,0.9,0.91,4,0.67,0.94,0,0.97,1.0
2025-12-09,1783.3,1627.8,-155.5,1,0.0,0.12,29.6,0.256,-0.05,32.5,0.92,0.9,0.91,5,0.83,0.94,0,0.97,0.92
2025-12-10,1783.3,1720.2,-63.1,0,0.0,0.12,26.2,0.257,-0.038,29.1,0.92,0.9,0.91,6,1.0,0.94,0,0.97,0.94
2025-12-11,1783.3,1495.2,-288.1,1,0.0,0.12,23.8,0.23,-0.036,26.7,0.67,0.9,0.79,6,1.0,0.94,0,0.97,0.96
2025-12-12,1783.3,1645.7,-137.6,0,0.0,0.12,29.6,0.267,-0.046,32.5,0.92,0.9,0.91,5,0.83,0.94,0,0.97,0.93
2025-12-13,1783.3,1278.7,-504.6,1,0.0,0.12,27.3,0.258,-0.041,30.2,0.63,0.9,0.76,5,0.83,0.94,0,0.97,0.86
2025-12-14,1783.3,1678.2,-105.1,0,3.2,0.136,22.9,0.266,-0.034,25.7,0.92,0.9,0.91,5,0.83,0.94,0,0.96,0.97
2025-12-15,1783.3,1702.0,-81.3,0,0.0,0.12,26.8,0.223,-0.025,29.7,0.92,0.9,0.91,5,0.83,0.94,0,0.97,0.98
2025-12-16,1783.3,1734.5,-48.8,0,0.0,0.12,20.5,0.231,-0.076,23.4,0.92,0.9,0.91,6,1.0,0.94,0,0.97,0.94
2025-12-17,1783.3,1035.9,-747.4,1,0.0,0.12,18.6,0.29,-0.03,21.5,0.92,0.9,0.91,5,0.83,0.54,0,0.97,0.95
2025-12-18,1783.3,1694.1,-89.2,0,0.0,0.12,25.2,0.238,-0.042,28.1,0.92,0.9,0.91,6,1.0,0.94,0,0.97,0.93
2025-12-19,1783.3,1578.6,-204.7,1,5.7,0.148,25.4,0.274,-0.028,28.1,0.92,0.9,0.91,5,0.83,0.94,0,0.96,0.93
2025-12-20,1783.3,1528.5,-254.8,1,0.0,0.12,25.2,0.244,-0.042,28.1,0.92,0.9,0.91,5,0.83,0.94,0,0.97,0.88
2025-12-21,1783.3,1271.9,-511.4,1,0.0,0.12,28.4,0.249,-0.057,31.3,0.46,0.9,0.68,5,0.83,0.94,0,0.97,0.97
2025-12-22,1783.3,1036.9,-746.4,1,0.0,0.12,27.5,0.237,-0.052,30.4,0.92,0.64,0.78,5,0.83,0.54,0,0.97,0.87
2025-12-23,1783.3,1704.3,-79.0,0,0.0,0.12,25.4,0.223,-0.068,28.3,0.92,0.9,0.91,5,0.83,0.94,0,0.97,0.92
2025-12-24,1783.3,1586.2,-197.1,1,0.0,0.12,22.1,0.213,-0.038,25.0,0.92,0.9,0.91,5,0.83,0.94,0,0.97,0.89
2025-12-25,1783.3,1540.9,-242.4,1,8.2,0.161,23.4,0.315,-0.039,26.1,0.92,0.9,0.91,5,0.83,0.94,0,0.95,0.91
2025-12-26,1783.3,1492.1,-291.2,1,0.0,0.12,21.9,0.239,-0.041,24.8,0.92,0.9,0.91,5,0.83,0.94,0,0.97,0.89
2025-12-27,1783.3,1683.2,-100.1,0,0.0,0.12,24.0,0.266,-0.027,26.9,0.92,0.9,0.91,6,1.0,0.94,0,0.97,0.9
2025-12-28,1783.3,1687.4,-95.9,0,0.0,0.12,28.4,0.254,-0.053,31.3,0.92,0.9,0.91,6,1.0,0.94,0,0.97,0.96
2025-12-29,1783.3,1599.0,-184.3,1,0.0,0.12,28.6,0.276,-0.028,31.5,0.92,0.9,0.91,5,0.83,0.94,0,0.97,0.92
2025-12-30,1783.3,1523.2,-260.1,1,0.0,0.12,20.2,0.238,-0.065,23.1,0.92,0.9,0.91,5,0.83,0.94,0,0.97,0.88
2025-12-31,1783.3,1497.6,-285.7,1,0.0,0.12,29.6,0.274,-0.055,32.5,0.92,0.9,0.91,5,0.83,0.94,0,0.97,0.88
